日期,开盘,收盘,最高,最低,成交量,成交额,振幅,涨跌幅,涨跌额,换手率
2020-01-02,10.74,10.69,10.8,10.6,100201,107332007.0,1.89,0.85,0.09,2.9
2020-01-03,10.74,10.7,10.74,10.58,88006,93920203.0,1.5,0.09,0.01,2.55
2020-01-06,10.6,10.72,10.85,10.46,110032,117671182.0,3.64,0.19,0.02,3.19
2020-01-07,10.8,10.89,10.98,10.7,112937,122444333.0,2.61,1.59,0.17,3.27
2020-01-08,10.82,10.53,10.86,10.46,99529,106146342.0,3.67,-3.31,-0.36,2.88
2020-01-09,10.7,10.69,10.81,10.64,73340,78626202.0,1.61,1.52,0.16,2.13
2020-01-10,10.7,10.82,11.29,10.7,197718,216527997.0,5.52,1.22,0.13,5.73
2020-01-13,10.8,10.73,10.88,10.46,121203,128767402.0,3.88,-0.83,-0.09,3.51
2020-01-14,10.73,10.87,11.05,10.69,173159,188384051.0,3.36,1.3,0.14,5.02
2020-01-15,10.86,10.69,10.87,10.54,102539,109499909.0,3.04,-1.66,-0.18,2.97
2020-01-16,10.78,10.67,10.98,10.63,100875,108774806.0,3.27,-0.19,-0.02,2.92
2020-01-17,10.69,10.64,10.83,10.63,65519,70251968.0,1.87,-0.28,-0.03,1.9
2020-01-20,10.57,10.63,10.64,10.39,75746,79571325.0,2.35,-0.09,-0.01,2.2
2020-01-21,10.58,10.33,10.59,10.33,66994,70121847.0,2.45,-2.82,-0.3,1.94
2020-01-22,10.21,10.21,10.33,10.01,86665,88238224.0,3.1,-1.16,-0.12,2.51
2020-01-23,10.1,9.54,10.14,9.3,130397,127863328.0,8.23,-6.56,-0.67,3.78
2020-02-03,8.59,8.59,8.59,8.59,9111,7826349.0,0.0,-9.96,-0.95,0.26
2020-02-04,7.73,8.05,8.24,7.73,170223,136275915.0,5.94,-6.29,-0.54,4.93
2020-02-05,8.11,8.34,8.5,8.07,125867,104531730.0,5.34,3.6,0.29,3.65
2020-02-06,8.34,8.53,8.57,8.32,108500,91929795.0,3.0,2.28,0.19,3.14
2020-02-07,8.55,8.59,8.65,8.41,94947,81124471.0,2.81,0.7,0.06,2.75
2020-02-10,8.56,8.78,8.81,8.55,65880,57551107.0,3.03,2.21,0.19,1.91
2020-02-11,8.85,8.75,8.93,8.67,73540,64760528.0,2.96,-0.34,-0.03,2.13
2020-02-12,8.77,8.86,8.89,8.67,68660,60419527.0,2.51,1.26,0.11,1.99
2020-02-13,8.85,8.7,8.93,8.66,69360,60964377.0,3.05,-1.81,-0.16,2.01
2020-02-14,8.7,8.75,8.88,8.63,80626,70551224.0,2.87,0.57,0.05,2.34
2020-02-17,8.9,9.12,9.15,8.87,102620,92677728.0,3.2,4.23,0.37,2.97
2020-02-18,9.15,9.31,9.31,9.07,90407,83186350.0,2.63,2.08,0.19,2.62
2020-02-19,9.3,9.38,9.74,9.28,159069,152206537.0,4.94,0.75,0.07,4.61
2020-02-20,9.27,9.75,9.83,9.27,166611,159650106.0,5.97,3.94,0.37,4.83
2020-02-21,9.66,10.04,10.59,9.61,251526,252061470.0,10.05,2.97,0.29,7.29
2020-02-24,10.14,10.21,10.3,10.0,166750,169586988.0,2.99,1.69,0.17,4.83
2020-02-25,9.79,10.1,10.17,9.71,162985,162426737.0,4.51,-1.08,-0.11,4.72
2020-02-26,9.97,9.86,10.18,9.81,110334,110588512.0,3.66,-2.38,-0.24,3.2
2020-02-27,9.95,9.88,10.1,9.86,71972,71663031.0,2.43,0.2,0.02,2.09
2020-02-28,9.46,8.97,9.56,8.92,128129,118684185.0,6.48,-9.21,-0.91,3.71
2020-03-02,9.2,9.56,9.68,9.19,128559,122020579.0,5.46,6.58,0.59,3.73
2020-03-03,9.79,9.51,9.9,9.43,118297,114185177.0,4.92,-0.52,-0.05,3.43
2020-03-04,9.47,9.58,9.63,9.3,80986,77037173.0,3.47,0.74,0.07,2.35
2020-03-05,9.71,10.08,10.18,9.61,198138,196897332.0,5.95,5.22,0.5,5.74
2020-03-06,9.95,9.86,9.98,9.75,102128,100948698.0,2.28,-2.18,-0.22,2.96
2020-03-09,9.69,9.37,9.69,9.37,101820,97160619.0,3.25,-4.97,-0.49,2.95
2020-03-10,9.07,9.59,9.62,9.07,102552,96258368.0,5.87,2.35,0.22,2.97
2020-03-11,9.59,9.49,9.8,9.46,95015,91449112.0,3.55,-1.04,-0.1,2.75
2020-03-12,9.4,9.21,9.54,9.12,87839,81557968.0,4.43,-2.95,-0.28,2.55
2020-03-13,8.65,9.0,9.14,8.65,98437,87482306.0,5.32,-2.28,-0.21,2.85
2020-03-16,9.14,8.53,9.23,8.51,94585,84074959.0,8.0,-5.22,-0.47,2.74
2020-03-17,8.61,8.7,8.93,8.33,123545,106511922.0,7.03,1.99,0.17,3.58
2020-03-18,8.65,8.26,8.75,8.21,115977,99305193.0,6.21,-5.06,-0.44,3.36
2020-03-19,8.29,8.31,8.39,8.02,80516,66143014.0,4.48,0.61,0.05,2.33
2020-03-20,8.38,8.41,8.46,8.26,54795,45795261.0,2.41,1.2,0.1,1.59
2020-03-23,8.22,8.13,8.33,8.09,68873,56395683.0,2.85,-3.33,-0.28,2.0
2020-03-24,8.33,8.34,8.4,8.09,59919,49469791.0,3.81,2.58,0.21,1.74
2020-03-25,8.52,8.63,8.69,8.45,90891,77972091.0,2.88,3.48,0.29,2.63
2020-03-26,8.58,8.49,8.61,8.45,58581,49901598.0,1.85,-1.62,-0.14,1.7
2020-03-27,8.59,8.5,8.67,8.46,60670,51949311.0,2.47,0.12,0.01,1.76
2020-03-30,8.36,8.37,8.43,8.17,66995,55526332.0,3.06,-1.53,-0.13,1.94
2020-03-31,8.44,8.24,8.49,8.23,50470,42155597.0,3.11,-1.55,-0.13,1.46
2020-04-01,8.23,8.15,8.39,8.14,51453,42604583.0,3.03,-1.09,-0.09,1.49
2020-04-02,8.14,8.32,8.32,8.1,59033,48445333.0,2.7,2.09,0.17,1.71
2020-04-03,8.31,8.2,8.37,8.15,51755,42733620.0,2.64,-1.44,-0.12,1.5
2020-04-07,8.35,8.53,8.57,8.31,96510,81566705.0,3.17,4.02,0.33,2.8
2020-04-08,8.52,8.61,8.67,8.45,68882,59172465.0,2.58,0.94,0.08,2.0
2020-04-09,8.7,8.68,8.93,8.64,89857,78772965.0,3.37,0.81,0.07,2.6
2020-04-10,8.66,8.42,8.7,8.36,63788,54245153.0,3.92,-3.0,-0.26,1.85
2020-04-13,8.4,8.14,8.44,8.11,68636,56207862.0,3.92,-3.33,-0.28,1.99
2020-04-14,8.2,8.3,8.35,8.16,64797,53432056.0,2.33,1.97,0.16,1.88
2020-04-15,8.35,8.15,8.35,8.13,63434,52277182.0,2.65,-1.81,-0.15,1.84
2020-04-16,8.12,8.19,8.24,8.04,61886,50511095.0,2.45,0.49,0.04,1.79
2020-04-17,8.21,8.17,8.28,8.15,65894,54173138.0,1.59,-0.24,-0.02,1.91
2020-04-20,8.17,8.32,8.41,8.12,93161,77112457.0,3.55,1.84,0.15,2.7
2020-04-21,8.27,8.17,8.29,8.09,64862,53010782.0,2.4,-1.8,-0.15,1.88
2020-04-22,8.08,8.23,8.26,8.08,57873,47414952.0,2.2,0.73,0.06,1.68
2020-04-23,8.26,8.15,8.26,8.14,40903,33475948.0,1.46,-0.97,-0.08,1.19
2020-04-24,8.12,7.91,8.2,7.89,62894,50450114.0,3.8,-2.94,-0.24,1.82
2020-04-27,8.03,8.05,8.2,8.01,62063,50329617.0,2.4,1.77,0.14,1.8
2020-04-28,8.0,7.82,8.07,7.53,66070,51528130.0,6.71,-2.86,-0.23,1.92
2020-04-29,7.75,7.53,7.85,7.45,75142,57396329.0,5.12,-3.71,-0.29,2.18
2020-04-30,7.65,8.01,8.17,7.64,112613,89564456.0,7.04,6.37,0.48,3.26
2020-05-06,7.95,8.16,8.19,7.89,69553,56233790.0,3.75,1.87,0.15,2.02
2020-05-07,8.23,8.09,8.25,8.07,48687,39635892.0,2.21,-0.86,-0.07,1.41
2020-05-08,8.15,8.23,8.32,8.08,71089,58332725.0,2.97,1.73,0.14,2.06
2020-05-11,8.22,8.14,8.28,8.08,52696,43111353.0,2.43,-1.09,-0.09,1.53
2020-05-12,8.1,8.04,8.13,7.9,47710,38216539.0,2.83,-1.23,-0.1,1.38
2020-05-13,8.03,8.04,8.04,7.93,29158,23335237.0,1.37,0.0,0.0,0.85
2020-05-14,7.96,7.9,7.99,7.9,38617,30629642.0,1.12,-1.74,-0.14,1.12
2020-05-15,8.28,8.24,8.68,8.14,153331,128130480.0,6.84,4.3,0.34,4.44
2020-05-18,8.29,8.05,8.29,8.04,82129,66637450.0,3.03,-2.31,-0.19,2.38
2020-05-19,8.17,8.1,8.2,8.06,45297,36731790.0,1.74,0.62,0.05,1.31
2020-05-20,8.1,8.01,8.1,8.0,43113,34626505.0,1.23,-1.11,-0.09,1.25
2020-05-21,8.01,7.91,8.09,7.89,40952,32699600.0,2.5,-1.25,-0.1,1.19
2020-05-22,7.91,7.83,8.0,7.6,48761,38056757.0,5.06,-1.01,-0.08,1.41
2020-05-25,7.75,7.79,7.87,7.75,24826,19379383.0,1.53,-0.51,-0.04,0.72
2020-05-26,7.85,7.94,7.95,7.83,35091,27708324.0,1.54,1.93,0.15,1.02
2020-05-27,7.86,7.82,7.9,7.76,40415,31667990.0,1.76,-1.51,-0.12,1.17
2020-05-28,7.78,7.86,8.02,7.78,54847,43311487.0,3.07,0.51,0.04,1.59
2020-05-29,7.78,7.76,7.81,7.68,52608,40681566.0,1.65,-1.27,-0.1,1.52
2020-06-01,7.83,8.54,8.54,7.8,184906,152815657.0,9.54,10.05,0.78,5.36
2020-06-02,8.52,8.33,8.52,8.3,189093,158954070.0,2.58,-2.46,-0.21,5.48
2020-06-03,8.44,8.36,8.54,8.31,128122,107774092.0,2.76,0.36,0.03,3.71
2020-06-04,8.36,8.4,8.54,8.31,103191,87009429.0,2.75,0.48,0.04,2.99
2020-06-05,8.4,8.65,8.83,8.33,171719,146943720.0,5.95,2.98,0.25,4.98
2020-06-08,8.56,8.41,8.6,8.4,97493,82534120.0,2.31,-2.77,-0.24,2.83
2020-06-09,8.43,8.65,8.8,8.36,152665,131455797.0,5.23,2.85,0.24,4.43
2020-06-10,8.62,8.64,8.7,8.46,92230,78998959.0,2.77,-0.12,-0.01,2.67
2020-06-11,8.6,8.58,8.79,8.52,111467,96376009.0,3.13,-0.69,-0.06,3.23
2020-06-12,8.36,8.56,8.65,8.25,84499,71839802.0,4.66,-0.23,-0.02,2.45
2020-06-15,8.55,8.68,8.75,8.42,110175,95081001.0,3.86,1.4,0.12,3.19
2020-06-16,8.73,8.74,8.79,8.6,94095,81753117.0,2.19,0.69,0.06,2.73
2020-06-17,8.73,8.95,9.1,8.64,151921,135316915.0,5.26,2.4,0.21,4.4
2020-06-18,8.89,9.02,9.06,8.82,118666,106532603.0,2.68,0.78,0.07,3.44
2020-06-19,9.05,9.08,9.35,9.02,187653,172086639.0,3.66,0.67,0.06,5.44
2020-06-22,9.08,9.22,9.49,8.93,188634,174119274.0,6.17,1.54,0.14,5.47
2020-06-23,9.1,9.0,9.18,8.94,142127,128675402.0,2.6,-2.39,-0.22,4.12
2020-06-24,9.0,8.78,9.06,8.76,116570,103375018.0,3.33,-2.44,-0.22,3.38
2020-06-29,8.65,8.51,8.7,8.49,100984,86584762.0,2.39,-3.08,-0.27,2.93
2020-06-30,8.57,8.64,8.79,8.51,93194,80274852.0,3.29,1.53,0.13,2.7
2020-07-01,8.69,8.74,8.76,8.55,97150,84154314.0,2.43,1.16,0.1,2.82
2020-07-02,8.74,9.19,9.35,8.65,272989,247097382.0,8.01,5.15,0.45,7.91
2020-07-03,9.26,9.63,9.98,9.2,404222,383031168.0,8.49,4.79,0.44,11.72
2020-07-06,9.82,10.52,10.52,9.6,423377,425106128.0,9.55,9.24,0.89,12.27
2020-07-07,10.48,10.09,10.48,9.98,400610,406750160.0,4.75,-4.09,-0.43,11.61
2020-07-08,9.99,10.71,10.91,9.99,427323,447025040.0,9.12,6.14,0.62,12.39
2020-07-09,10.58,10.68,10.9,10.38,336456,357885504.0,4.86,-0.28,-0.03,9.75
2020-07-10,10.48,10.94,11.6,10.33,419836,457393712.0,11.89,2.43,0.26,12.17
2020-07-13,10.79,11.06,11.21,10.51,349851,380319824.0,6.4,1.1,0.12,10.14
2020-07-14,10.89,11.42,11.73,10.83,432636,489167152.0,8.14,3.25,0.36,12.54
2020-07-15,11.36,11.79,12.5,11.16,617650,729791392.0,11.73,3.24,0.37,17.9
2020-07-16,11.2,10.61,11.4,10.61,271520,291098272.0,6.7,-10.01,-1.18,7.87
2020-07-17,9.98,10.0,10.64,9.6,298368,298217200.0,9.8,-5.75,-0.61,8.65
2020-07-20,10.17,10.3,10.36,9.83,200178,202927431.0,5.3,3.0,0.3,5.8
2020-07-21,10.28,10.15,10.47,10.11,159426,163524277.0,3.5,-1.46,-0.15,4.62
2020-07-22,10.15,10.38,10.55,10.03,238669,246929172.0,5.12,2.27,0.23,6.92
2020-07-23,10.2,10.15,10.33,9.9,160154,161991142.0,4.14,-2.22,-0.23,4.64
2020-07-24,10.17,9.4,10.33,9.29,207105,202574771.0,10.25,-7.39,-0.75,6.0
2020-07-27,9.34,9.39,9.6,9.21,108521,102014956.0,4.15,-0.11,-0.01,3.15
2020-07-28,9.53,9.55,9.57,9.43,88540,84150522.0,1.49,1.7,0.16,2.57
2020-07-29,9.53,9.81,9.82,9.42,114308,110842454.0,4.19,2.72,0.26,3.31
2020-07-30,9.75,9.62,9.84,9.59,101714,98674612.0,2.55,-1.94,-0.19,2.95
2020-07-31,9.56,9.8,9.92,9.56,126460,123317537.0,3.74,1.87,0.18,3.67
2020-08-03,9.83,10.16,10.18,9.83,149740,150112613.0,3.57,3.67,0.36,4.34
2020-08-04,10.15,10.8,11.18,9.98,399554,425272256.0,11.81,6.3,0.64,11.58
2020-08-05,10.52,11.5,11.78,10.31,442216,487996320.0,13.61,6.48,0.7,12.82
2020-08-06,11.3,11.52,11.7,11.28,308919,354150368.0,3.65,0.17,0.02,8.95
2020-08-07,11.43,11.16,11.58,10.9,245270,276439008.0,5.9,-3.13,-0.36,7.11
2020-08-10,11.01,10.68,11.16,10.61,220044,237400346.0,4.93,-4.3,-0.48,6.38
2020-08-11,10.76,10.36,10.85,10.35,129198,137247875.0,4.68,-3.0,-0.32,3.74
2020-08-12,10.32,10.5,10.61,10.21,143655,149752526.0,3.86,1.35,0.14,4.16
2020-08-13,10.5,10.27,10.59,10.24,112172,116709653.0,3.33,-2.19,-0.23,3.25
2020-08-14,10.24,10.3,10.39,10.1,128484,131673685.0,2.82,0.29,0.03,3.72
2020-08-17,10.31,10.75,10.9,10.31,179631,191796214.0,5.73,4.37,0.45,5.21
2020-08-18,10.67,10.65,10.79,10.52,118936,126723391.0,2.51,-0.93,-0.1,3.45
2020-08-19,10.66,10.3,10.73,10.25,108129,113118456.0,4.51,-3.29,-0.35,3.13
2020-08-20,10.25,10.03,10.43,9.94,88515,89945674.0,4.76,-2.62,-0.27,2.57
2020-08-21,10.1,10.15,10.21,10.0,69891,70742158.0,2.09,1.2,0.12,2.03
2020-08-24,10.25,10.08,10.25,9.98,59193,59755889.0,2.66,-0.69,-0.07,1.72
2020-08-25,10.09,10.02,10.21,9.88,76181,76608586.0,3.27,-0.6,-0.06,2.21
2020-08-26,9.98,9.52,10.01,9.52,121870,118689759.0,4.89,-4.99,-0.5,3.53
2020-08-27,9.58,9.68,9.78,9.45,62359,60051720.0,3.47,1.68,0.16,1.81
2020-08-28,9.64,9.91,9.91,9.58,84289,82246339.0,3.41,2.38,0.23,2.44
2020-08-31,9.96,9.79,10.04,9.78,104021,103346040.0,2.62,-1.21,-0.12,3.02
2020-09-01,9.79,9.71,9.84,9.6,85250,82510760.0,2.45,-0.82,-0.08,2.47
2020-09-02,9.74,9.63,9.76,9.61,78201,75634087.0,1.54,-0.82,-0.08,2.27
2020-09-03,9.61,9.51,9.72,9.49,81386,78225425.0,2.39,-1.25,-0.12,2.36
2020-09-04,9.3,9.58,9.62,9.22,66034,62351340.0,4.21,0.74,0.07,1.91
2020-09-07,9.51,9.35,9.65,9.33,69904,66463637.0,3.34,-2.4,-0.23,2.03
2020-09-08,9.42,9.67,9.67,9.34,73980,70380363.0,3.53,3.42,0.32,2.14
2020-09-09,9.51,9.38,9.66,9.36,74609,70935654.0,3.1,-3.0,-0.29,2.16
2020-09-10,9.49,8.98,9.5,8.9,76783,70543915.0,6.4,-4.26,-0.4,2.23
2020-09-11,8.95,9.1,9.27,8.78,67059,60426941.0,5.46,1.34,0.12,1.94
2020-09-14,9.04,9.1,9.14,8.99,71375,64722637.0,1.65,0.0,0.0,2.07
2020-09-15,9.08,9.0,9.15,8.92,54696,49219719.0,2.53,-1.1,-0.1,1.59
2020-09-16,8.99,8.85,9.06,8.81,49364,43960798.0,2.78,-1.67,-0.15,1.43
2020-09-17,8.78,8.79,8.88,8.69,53176,46738593.0,2.15,-0.68,-0.06,1.54
2020-09-18,8.81,9.15,9.19,8.79,103267,93061321.0,4.55,4.1,0.36,2.99
2020-09-21,9.23,9.11,9.33,9.06,67245,61756597.0,2.95,-0.44,-0.04,1.95
2020-09-22,9.06,9.09,9.28,9.0,61214,55893339.0,3.07,-0.22,-0.02,1.77
2020-09-23,9.05,9.12,9.15,9.03,39241,35644353.0,1.32,0.33,0.03,1.14
2020-09-24,9.04,8.74,9.05,8.69,72471,64107011.0,3.95,-4.17,-0.38,2.1
2020-09-25,8.78,8.82,8.9,8.71,54801,48325410.0,2.17,0.92,0.08,1.59
2020-09-28,8.82,8.62,8.9,8.62,41948,36584261.0,3.17,-2.27,-0.2,1.22
2020-09-29,8.68,8.63,8.76,8.62,37136,32243058.0,1.62,0.12,0.01,1.08
2020-09-30,8.66,8.45,8.68,8.39,60135,51190490.0,3.36,-2.09,-0.18,1.74
2020-10-09,8.58,8.78,8.85,8.58,67599,59232576.0,3.2,3.91,0.33,1.96
2020-10-12,8.94,9.18,9.23,8.89,98720,90020292.0,3.87,4.56,0.4,2.86
2020-10-13,9.18,9.07,9.18,9.0,54880,49805961.0,1.96,-1.2,-0.11,1.59
2020-10-14,9.08,8.91,9.09,8.86,43714,39115152.0,2.54,-1.76,-0.16,1.27
2020-10-15,9.0,8.84,9.02,8.82,44647,39815569.0,2.24,-0.79,-0.07,1.29
2020-10-16,8.83,8.86,8.91,8.8,35328,31283865.0,1.24,0.23,0.02,1.02
2020-10-19,9.0,8.78,9.12,8.77,52865,47282727.0,3.95,-0.9,-0.08,1.53
2020-10-20,8.78,8.92,8.92,8.67,38440,33886739.0,2.85,1.59,0.14,1.11
2020-10-21,8.85,8.79,8.94,8.7,46662,40952176.0,2.69,-1.46,-0.13,1.35
2020-10-22,8.76,8.84,9.0,8.65,53336,46994324.0,3.98,0.57,0.05,1.55
2020-10-23,8.9,8.7,8.91,8.67,46760,41201092.0,2.71,-1.58,-0.14,1.36
2020-10-26,8.64,8.5,8.69,8.47,47140,40323164.0,2.53,-2.3,-0.2,1.37
2020-10-27,8.48,8.5,8.55,8.45,27853,23666661.0,1.18,0.0,0.0,0.81
2020-10-28,8.5,8.5,8.54,8.33,42938,36228955.0,2.47,0.0,0.0,1.24
2020-10-29,8.39,8.46,8.56,8.3,45862,38654231.0,3.06,-0.47,-0.04,1.33
2020-10-30,8.53,8.19,8.57,8.17,49891,41723786.0,4.73,-3.19,-0.27,1.45
2020-11-02,8.25,8.26,8.33,8.12,43442,35707801.0,2.56,0.85,0.07,1.26
2020-11-03,8.29,9.09,9.09,8.27,152943,135722591.0,9.93,10.05,0.83,4.43
2020-11-04,8.97,9.02,9.27,8.92,155224,140590611.0,3.85,-0.77,-0.07,4.5
2020-11-05,9.11,9.07,9.16,9.0,72520,65732130.0,1.77,0.55,0.05,2.1
2020-11-06,9.0,9.3,9.36,8.97,130594,120651419.0,4.3,2.54,0.23,3.79
2020-11-09,9.3,9.45,9.59,9.25,126359,119160961.0,3.66,1.61,0.15,3.66
2020-11-10,9.4,9.36,9.65,9.3,94759,89389816.0,3.7,-0.95,-0.09,2.75
2020-11-11,9.45,9.51,9.57,9.36,100600,95172762.0,2.24,1.6,0.15,2.92
2020-11-12,9.41,9.33,9.5,9.22,65706,61236599.0,2.94,-1.89,-0.18,1.9
2020-11-13,9.26,9.26,9.32,9.0,60795,56003223.0,3.43,-0.75,-0.07,1.76
2020-11-16,9.26,9.25,9.32,9.18,51585,47734512.0,1.51,-0.11,-0.01,1.5
2020-11-17,9.25,9.28,9.3,9.13,43209,39822809.0,1.84,0.32,0.03,1.25
2020-11-18,9.3,9.33,9.39,9.22,53656,49952036.0,1.83,0.54,0.05,1.56
2020-11-19,9.36,9.64,9.69,9.33,156125,149344152.0,3.86,3.32,0.31,4.53
2020-11-20,9.68,9.7,9.88,9.49,136865,132949985.0,4.05,0.62,0.06,3.97
2020-11-23,9.65,9.84,9.98,9.59,124177,121600831.0,4.02,1.44,0.14,3.6
2020-11-24,9.75,9.54,9.84,9.52,87349,84366028.0,3.25,-3.05,-0.3,2.53
2020-11-25,9.59,9.39,9.68,9.39,63400,60382954.0,3.04,-1.57,-0.15,1.84
2020-11-26,9.44,9.37,9.47,9.31,46967,44155269.0,1.7,-0.21,-0.02,1.36
2020-11-27,9.39,9.61,9.61,9.31,68800,65057118.0,3.2,2.56,0.24,1.99
2020-11-30,9.63,9.56,9.91,9.53,124655,121440714.0,3.95,-0.52,-0.05,3.61
2020-12-01,9.49,9.77,9.89,9.4,111882,108014198.0,5.13,2.2,0.21,3.24
2020-12-02,9.75,9.97,10.15,9.63,167303,165903276.0,5.32,2.05,0.2,4.85
2020-12-03,9.85,10.0,10.01,9.72,124786,123124917.0,2.91,0.3,0.03,3.62
2020-12-04,9.91,10.16,10.64,9.72,183595,185644596.0,9.2,1.6,0.16,5.32
2020-12-07,10.06,9.76,10.09,9.76,100216,99304628.0,3.25,-3.94,-0.4,2.9
2020-12-08,9.72,9.76,9.91,9.65,62989,61746859.0,2.66,0.0,0.0,1.83
2020-12-09,9.83,9.34,9.88,9.27,90754,87190064.0,6.25,-4.3,-0.42,2.63
2020-12-10,9.31,9.4,9.48,9.27,54055,50651616.0,2.25,0.64,0.06,1.57
2020-12-11,9.4,9.47,9.7,9.38,70495,66989516.0,3.4,0.74,0.07,2.04
2020-12-14,9.36,9.34,9.47,9.22,54180,50454446.0,2.64,-1.37,-0.13,1.57
2020-12-15,9.29,9.37,9.44,9.23,44171,41168169.0,2.25,0.32,0.03,1.28
2020-12-16,9.39,9.27,9.45,9.26,46133,43185615.0,2.03,-1.07,-0.1,1.34
2020-12-17,9.25,8.83,9.31,8.39,149221,130956952.0,9.92,-4.75,-0.44,4.33
2020-12-18,8.71,8.63,8.8,8.56,71400,61924368.0,2.72,-2.27,-0.2,2.07
2020-12-21,8.59,8.7,8.78,8.53,58068,50418327.0,2.9,0.81,0.07,1.68
2020-12-22,8.67,8.29,8.7,8.27,85211,72117213.0,4.94,-4.71,-0.41,2.47
2020-12-23,8.31,8.41,8.43,8.25,57531,48077205.0,2.17,1.45,0.12,1.67
2020-12-24,8.38,8.3,8.54,8.23,57872,48413576.0,3.69,-1.31,-0.11,1.68
2020-12-25,8.29,8.39,8.47,8.24,49933,41844283.0,2.77,1.08,0.09,1.45
2020-12-28,8.42,8.33,8.48,8.27,49866,41689166.0,2.5,-0.72,-0.06,1.45
2020-12-29,8.37,8.41,8.53,8.28,59696,50227933.0,3.0,0.96,0.08,1.73
2020-12-30,8.38,8.42,8.49,8.3,49387,41515239.0,2.26,0.12,0.01,1.43
2020-12-31,8.52,8.7,8.83,8.49,95927,82919931.0,4.04,3.33,0.28,2.78
2021-01-04,8.67,8.74,8.79,8.54,84075,72969556.0,2.87,0.46,0.04,2.44
2021-01-05,8.68,8.65,8.73,8.56,62243,53746143.0,1.95,-1.03,-0.09,1.8
2021-01-06,8.64,8.39,8.7,8.3,73412,62231185.0,4.62,-3.01,-0.26,2.13
2021-01-07,8.41,7.91,8.43,7.75,144074,115645189.0,8.1,-5.72,-0.48,4.18
2021-01-08,7.95,7.88,8.05,7.72,58408,46061702.0,4.17,-0.38,-0.03,1.69
2021-01-11,7.8,7.49,7.88,7.41,86068,65395684.0,5.96,-4.95,-0.39,2.49
2021-01-12,7.4,7.64,7.65,7.31,77869,58608681.0,4.54,2.0,0.15,2.26
2021-01-13,7.88,7.43,7.89,7.39,79031,60010524.0,6.54,-2.75,-0.21,2.29
2021-01-28,8.17,8.17,8.17,8.17,7373,6023332.0,0.0,9.96,0.74,0.21
2021-01-29,8.99,8.99,8.99,8.99,5109,4593143.0,0.0,10.04,0.82,0.15
2021-02-01,9.89,9.89,9.89,9.55,288955,284822464.0,3.78,10.01,0.9,8.38
2021-02-02,9.98,9.51,9.98,9.33,357582,346053248.0,6.57,-3.84,-0.38,10.36
2021-02-03,9.03,8.8,9.5,8.8,235069,213430488.0,7.36,-7.47,-0.71,6.81
2021-02-04,8.7,9.68,9.68,8.7,228938,210678769.0,11.14,10.0,0.88,6.64
2021-02-05,9.74,9.58,10.52,9.58,387451,389107920.0,9.71,-1.03,-0.1,11.23
2021-02-08,8.92,8.83,9.21,8.63,210054,187968822.0,6.05,-7.83,-0.75,6.09
2021-02-09,9.04,8.8,9.14,8.75,164980,146135873.0,4.42,-0.34,-0.03,4.78
2021-02-10,8.98,9.33,9.49,8.78,185845,170231276.0,8.07,6.02,0.53,5.39
2021-02-18,9.34,9.54,9.92,9.25,172654,166285662.0,7.18,2.25,0.21,5.0
2021-02-19,9.5,9.73,9.85,9.35,148063,142702721.0,5.24,1.99,0.19,4.29
2021-02-22,9.63,9.71,9.98,9.5,182924,179439910.0,4.93,-0.21,-0.02,5.3
2021-02-23,9.64,9.52,9.9,9.38,134215,128877301.0,5.36,-1.96,-0.19,3.89
2021-02-24,9.51,9.97,10.15,9.5,212990,210573786.0,6.83,4.73,0.45,6.17
2021-02-25,10.01,10.09,10.15,9.6,179454,177194916.0,5.52,1.2,0.12,5.2
2021-02-26,9.9,9.74,9.93,9.55,107469,104941010.0,3.77,-3.47,-0.35,3.12
2021-03-01,9.45,9.46,9.48,9.19,114940,107550734.0,2.98,-2.87,-0.28,3.33
2021-03-02,9.43,10.41,10.41,9.43,293464,301440656.0,10.36,10.04,0.95,8.51
2021-03-03,10.17,10.32,10.44,10.07,265708,271995776.0,3.55,-0.86,-0.09,7.7
2021-03-04,10.2,9.95,10.29,9.95,159638,161164448.0,3.29,-3.59,-0.37,4.63
2021-03-05,10.02,10.04,10.33,9.98,147649,149359382.0,3.52,0.9,0.09,4.28
2021-03-08,9.89,9.69,10.11,9.67,120253,118743869.0,4.38,-3.49,-0.35,3.49
2021-03-09,9.68,9.33,9.78,9.2,118326,111624158.0,5.99,-3.72,-0.36,3.43
2021-03-10,9.5,9.36,9.5,9.29,58555,54837882.0,2.25,0.32,0.03,1.7
2021-03-11,9.32,9.58,9.67,9.32,74353,70655298.0,3.74,2.35,0.22,2.16
2021-03-12,9.58,9.96,10.14,9.5,136535,135262449.0,6.68,3.97,0.38,3.96
2021-03-15,9.75,9.64,9.89,9.55,95926,93117138.0,3.41,-3.21,-0.32,2.78
2021-03-16,9.61,9.64,9.75,9.5,59817,57645652.0,2.59,0.0,0.0,1.73
2021-03-17,9.61,10.6,10.6,9.55,205673,212000293.0,10.89,9.96,0.96,5.96
2021-03-18,10.61,10.6,10.85,10.37,270486,285242080.0,4.53,0.0,0.0,7.84
2021-03-19,10.48,10.5,10.75,10.41,156983,165764135.0,3.21,-0.94,-0.1,4.55
2021-03-22,10.49,10.47,10.55,10.3,151171,158066564.0,2.38,-0.29,-0.03,4.38
2021-03-23,10.42,10.7,10.8,10.23,219043,231146659.0,5.44,2.2,0.23,6.35
2021-03-24,10.55,10.32,10.78,10.28,134327,139715076.0,4.67,-3.55,-0.38,3.89
2021-03-25,10.25,10.31,10.79,10.21,140316,147764854.0,5.62,-0.1,-0.01,4.07
2021-03-26,10.23,10.83,11.15,10.23,245251,264998439.0,8.92,5.04,0.52,7.11
2021-03-29,10.45,10.27,10.56,10.17,193420,199310842.0,3.6,-5.17,-0.56,5.61
2021-03-30,10.25,10.27,10.38,10.14,82850,84961827.0,2.34,0.0,0.0,2.4
2021-03-31,10.43,9.96,10.47,9.93,117375,119016195.0,5.26,-3.02,-0.31,3.4
2021-04-01,9.92,10.01,10.16,9.78,81633,81622345.0,3.82,0.5,0.05,2.37
2021-04-02,10.05,10.0,10.3,9.97,83653,84653555.0,3.3,-0.1,-0.01,2.42
2021-04-06,9.91,10.06,10.14,9.86,65171,65066321.0,2.8,0.6,0.06,1.89
2021-04-07,10.01,10.17,10.25,9.95,66795,67774654.0,2.98,1.09,0.11,1.94
2021-04-08,10.14,10.2,10.49,10.08,101671,104715409.0,4.03,0.29,0.03,2.95
2021-04-09,10.24,10.34,10.44,10.13,84702,87112492.0,3.04,1.37,0.14,2.46
2021-04-12,10.21,9.78,10.24,9.76,99827,99081891.0,4.64,-5.42,-0.56,2.89
2021-04-13,9.76,9.89,10.06,9.73,51495,51000362.0,3.37,1.12,0.11,1.49
2021-04-14,9.91,9.95,10.01,9.84,33486,33253684.0,1.72,0.61,0.06,0.97
2021-04-15,9.94,10.51,10.68,9.93,181861,189506715.0,7.54,5.63,0.56,5.27
2021-04-16,10.49,10.61,10.82,10.49,169558,180561181.0,3.14,0.95,0.1,4.91
2021-04-19,10.52,10.6,10.82,10.45,147043,155646847.0,3.49,-0.09,-0.01,4.26
2021-04-20,10.51,10.61,11.05,10.5,165096,177845911.0,5.19,0.09,0.01,4.79
2021-04-21,10.79,11.14,11.54,10.72,266887,295974464.0,7.73,5.0,0.53,7.74
2021-04-22,11.1,10.9,11.19,10.81,160167,175681808.0,3.41,-2.15,-0.24,4.64
2021-04-23,10.86,10.96,11.19,10.68,140277,153263927.0,4.68,0.55,0.06,4.07
2021-04-26,10.89,10.58,11.06,10.56,123577,132988524.0,4.56,-3.47,-0.38,3.58
2021-04-27,10.65,10.5,10.73,10.45,76767,81164852.0,2.65,-0.76,-0.08,2.23
2021-04-28,10.47,10.57,10.66,10.2,102750,107144723.0,4.38,0.67,0.07,2.98
2021-04-29,10.46,10.24,10.64,10.22,86980,90467303.0,3.97,-3.12,-0.33,2.52
2021-04-30,10.5,10.19,10.86,10.1,136310,142412024.0,7.42,-0.49,-0.05,3.95
2021-05-06,10.02,10.3,10.49,10.01,77037,79185462.0,4.71,1.08,0.11,2.23
2021-05-07,10.76,9.86,10.85,9.76,190676,195065360.0,10.58,-4.27,-0.44,5.53
2021-05-10,9.61,9.49,9.77,9.44,108595,104259472.0,3.35,-3.75,-0.37,3.15
2021-05-11,9.49,9.7,9.88,9.44,76339,74147886.0,4.64,2.21,0.21,2.21
2021-05-12,9.63,9.78,9.81,9.52,58034,56163691.0,2.99,0.82,0.08,1.68
2021-05-13,9.73,9.65,9.87,9.62,53075,51687142.0,2.56,-1.33,-0.13,1.54
2021-05-14,9.7,10.0,10.25,9.65,109442,108719893.0,6.22,3.63,0.35,3.17
2021-05-17,9.91,9.72,9.91,9.69,67073,65487987.0,2.2,-2.8,-0.28,1.94
2021-05-18,9.71,9.76,9.81,9.69,40279,39223551.0,1.23,0.41,0.04,1.17
2021-05-19,9.71,9.82,9.85,9.64,53779,52409028.0,2.15,0.61,0.06,1.56
2021-05-20,9.73,9.86,9.95,9.71,63314,62136037.0,2.44,0.41,0.04,1.84
2021-05-21,9.81,9.7,9.89,9.65,44723,43580727.0,2.43,-1.62,-0.16,1.3
2021-05-24,9.65,9.71,9.86,9.63,40126,39120120.0,2.37,0.1,0.01,1.16
2021-05-25,9.7,9.92,10.1,9.69,89558,88916245.0,4.22,2.16,0.21,2.6
2021-05-26,9.83,10.13,10.61,9.83,143080,146307024.0,7.86,2.12,0.21,4.15
2021-05-27,10.0,10.06,10.27,10.0,83732,84535958.0,2.67,-0.69,-0.07,2.43
2021-05-28,10.13,10.29,10.34,10.0,105247,106963753.0,3.38,2.29,0.23,3.05
2021-05-31,10.23,10.33,10.39,10.16,86062,88307928.0,2.24,0.39,0.04,2.49
2021-06-01,10.29,10.17,10.32,10.11,63185,64311224.0,2.03,-1.55,-0.16,1.83
2021-06-02,10.15,9.92,10.23,9.92,69523,69863276.0,3.05,-2.46,-0.25,2.02
2021-06-03,9.95,9.77,10.06,9.73,80298,79346609.0,3.33,-1.51,-0.15,2.33
2021-06-04,9.65,9.71,9.86,9.64,61524,59825096.0,2.25,-0.61,-0.06,1.78
2021-06-07,9.68,9.71,9.83,9.65,42637,41442126.0,1.85,0.0,0.0,1.24
2021-06-08,9.71,9.82,9.86,9.65,53948,52712235.0,2.16,1.13,0.11,1.56
2021-06-09,10.07,9.92,10.17,9.88,79685,79616558.0,2.95,1.02,0.1,2.31
2021-06-10,9.82,9.77,9.88,9.67,59985,58506717.0,2.12,-1.51,-0.15,1.74
2021-06-11,9.72,9.62,9.77,9.62,55046,53340088.0,1.54,-1.54,-0.15,1.6
2021-06-15,9.57,9.44,9.66,9.44,49019,46747819.0,2.29,-1.87,-0.18,1.42
2021-06-16,9.32,9.38,9.44,9.29,41078,38403941.0,1.59,-0.64,-0.06,1.19
2021-06-17,9.41,9.58,9.6,9.38,39763,37788782.0,2.35,2.13,0.2,1.15
2021-06-18,9.57,9.61,9.64,9.47,40412,38627038.0,1.77,0.31,0.03,1.17
2021-06-21,9.62,9.53,9.68,9.5,39955,38295983.0,1.87,-0.83,-0.08,1.16
2021-06-22,9.54,9.72,9.73,9.53,51640,49909448.0,2.1,1.99,0.19,1.5
2021-06-23,9.69,9.6,9.73,9.58,47014,45229487.0,1.54,-1.23,-0.12,1.36
2021-06-24,9.61,9.38,9.63,9.38,51419,48758361.0,2.6,-2.29,-0.22,1.49
2021-06-25,9.36,9.52,9.56,9.34,49146,46605848.0,2.35,1.49,0.14,1.42
2021-06-28,9.4,9.65,9.86,9.35,74206,71074293.0,5.36,1.37,0.13,2.15
2021-06-29,9.6,9.5,9.6,9.44,31261,29716438.0,1.66,-1.55,-0.15,0.91
2021-06-30,9.48,9.47,9.56,9.35,38781,36625591.0,2.21,-0.32,-0.03,1.12
2021-07-01,9.53,9.2,9.53,9.2,44176,41385700.0,3.48,-2.85,-0.27,1.28
2021-07-02,9.15,9.02,9.25,8.95,47314,42927679.0,3.26,-1.96,-0.18,1.37
2021-07-05,8.97,9.11,9.15,8.95,41331,37430006.0,2.22,1.0,0.09,1.2
2021-07-06,9.1,9.12,9.19,9.06,27945,25499944.0,1.43,0.11,0.01,0.81
2021-07-07,9.03,9.11,9.15,9.01,22713,20697890.0,1.54,-0.11,-0.01,0.66
2021-07-08,9.08,9.04,9.14,8.99,27949,25290729.0,1.65,-0.77,-0.07,0.81
2021-07-09,9.02,9.07,9.08,8.94,33249,29931828.0,1.55,0.33,0.03,0.96
2021-07-12,9.14,9.15,9.2,9.07,41563,37993864.0,1.43,0.88,0.08,1.2
2021-07-13,9.09,9.14,9.2,9.08,29474,26925806.0,1.31,-0.11,-0.01,0.85
2021-07-14,9.17,9.1,9.2,9.06,36004,32884480.0,1.53,-0.44,-0.04,1.04
2021-07-15,9.11,8.98,9.11,8.8,38996,34794440.0,3.41,-1.32,-0.12,1.13
2021-07-16,8.98,8.91,9.07,8.9,30398,27185590.0,1.89,-0.78,-0.07,0.88
2021-07-19,9.05,9.19,9.34,8.9,62676,57229218.0,4.94,3.14,0.28,1.82
2021-07-20,9.1,9.2,9.27,9.06,35541,32626346.0,2.29,0.11,0.01,1.03
2021-07-21,9.12,9.2,9.3,9.09,32365,29815816.0,2.28,0.0,0.0,0.94
2021-07-22,9.13,9.18,9.22,9.06,37068,33901418.0,1.74,-0.22,-0.02,1.07
2021-07-23,9.18,9.23,9.34,9.04,70505,64919064.0,3.27,0.54,0.05,2.04
2021-07-26,9.17,8.87,9.18,8.81,63414,56796830.0,4.01,-3.9,-0.36,1.84
2021-07-27,8.89,8.55,8.95,8.53,47068,41127320.0,4.74,-3.61,-0.32,1.36
2021-07-28,8.55,8.36,8.6,8.22,38372,32264213.0,4.44,-2.22,-0.19,1.11
2021-07-29,8.41,8.45,8.56,8.41,32144,27259160.0,1.79,1.08,0.09,0.93
2021-07-30,8.36,8.51,8.58,8.34,25616,21672589.0,2.84,0.71,0.06,0.74
2021-08-02,8.44,8.67,8.73,8.31,44931,38367478.0,4.94,1.88,0.16,1.3
2021-08-03,8.6,8.66,8.82,8.59,54630,47607395.0,2.65,-0.12,-0.01,1.58
2021-08-04,8.66,8.63,8.72,8.6,30209,26088833.0,1.39,-0.35,-0.03,0.88
2021-08-05,8.62,8.53,8.63,8.5,28434,24317499.0,1.51,-1.16,-0.1,0.82
2021-08-06,8.55,8.55,8.58,8.41,28796,24377828.0,1.99,0.23,0.02,0.83
2021-08-09,8.49,8.68,8.71,8.42,34007,29375123.0,3.39,1.52,0.13,0.99
2021-08-10,8.67,8.82,8.84,8.57,40142,35123299.0,3.11,1.61,0.14,1.16
2021-08-11,8.76,8.69,8.84,8.67,40799,35662517.0,1.93,-1.47,-0.13,1.18
2021-08-12,8.71,8.72,8.76,8.66,29371,25605856.0,1.15,0.35,0.03,0.85
2021-08-13,8.69,8.61,8.69,8.47,43853,37628940.0,2.52,-1.26,-0.11,1.27
2021-08-16,8.65,8.78,8.96,8.62,60433,53163243.0,3.95,1.97,0.17,1.75
2021-08-17,8.72,8.66,8.95,8.66,54215,47793707.0,3.3,-1.37,-0.12,1.57
2021-08-18,8.62,8.95,9.05,8.6,91043,80728662.0,5.2,3.35,0.29,2.64
2021-08-19,8.88,8.8,8.97,8.79,54512,48222140.0,2.01,-1.68,-0.15,1.58
2021-08-20,8.78,8.68,8.81,8.51,61902,53457790.0,3.41,-1.36,-0.12,1.79
2021-08-23,8.68,8.67,8.75,8.6,39031,33870958.0,1.73,-0.12,-0.01,1.13
2021-08-24,8.67,8.64,8.72,8.55,43554,37587932.0,1.96,-0.35,-0.03,1.26
2021-08-25,8.62,8.62,8.66,8.53,34893,29984324.0,1.5,-0.23,-0.02,1.01
2021-08-26,8.62,8.58,8.74,8.52,41535,35847977.0,2.55,-0.46,-0.04,1.2
2021-08-27,8.56,8.46,8.6,8.39,49099,41538436.0,2.45,-1.4,-0.12,1.42
2021-08-30,8.42,8.49,8.59,8.37,42208,35826190.0,2.6,0.35,0.03,1.22
2021-08-31,8.48,8.5,8.53,8.38,41044,34678315.0,1.77,0.12,0.01,1.19
2021-09-01,8.44,8.76,8.84,8.44,96413,83848053.0,4.71,3.06,0.26,2.79
2021-09-02,8.68,8.71,8.75,8.64,51598,44894666.0,1.26,-0.57,-0.05,1.5
2021-09-03,8.97,9.33,9.58,8.76,250301,233345462.0,9.41,7.12,0.62,7.26
2021-09-06,9.05,9.34,9.54,9.04,159260,147184154.0,5.36,0.11,0.01,4.62
2021-09-07,9.25,9.29,9.36,9.17,99640,92314273.0,2.03,-0.54,-0.05,2.89
2021-09-08,9.28,9.27,9.42,9.22,90553,84197871.0,2.15,-0.22,-0.02,2.62
2021-09-09,9.23,9.43,9.55,9.12,125738,117678875.0,4.64,1.73,0.16,3.64
2021-09-10,9.48,9.33,9.65,9.31,115235,108869128.0,3.61,-1.06,-0.1,3.34
2021-09-13,9.23,9.26,9.41,9.18,66823,62055716.0,2.47,-0.75,-0.07,1.94
2021-09-14,9.31,9.02,9.33,9.01,72078,66110201.0,3.46,-2.59,-0.24,2.09
2021-09-15,9.08,9.06,9.15,8.97,38004,34444048.0,2.0,0.44,0.04,1.1
2021-09-16,9.05,8.87,9.14,8.85,50984,45856686.0,3.2,-2.1,-0.19,1.48
2021-09-17,8.9,9.13,9.13,8.74,64998,57894613.0,4.4,2.93,0.26,1.88
2021-09-22,9.0,9.01,9.06,8.89,45103,40544495.0,1.86,-1.31,-0.12,1.31
2021-09-23,9.06,9.2,9.31,9.03,69750,64072112.0,3.11,2.11,0.19,2.02
2021-09-24,9.18,9.22,9.27,9.07,57400,52701161.0,2.17,0.22,0.02,1.66
2021-09-27,9.18,8.71,9.23,8.7,69466,61770173.0,5.75,-5.53,-0.51,2.01
2021-09-28,8.72,8.69,8.8,8.68,24432,21353306.0,1.38,-0.23,-0.02,0.71
2021-09-29,8.68,8.47,8.68,8.47,42758,36525364.0,2.42,-2.53,-0.22,1.24
2021-09-30,8.5,8.66,8.68,8.48,27871,23983549.0,2.36,2.24,0.19,0.81
2021-10-08,8.71,9.06,9.09,8.7,67895,60714862.0,4.5,4.62,0.4,1.97
2021-10-11,9.02,8.89,9.05,8.84,44595,39737427.0,2.32,-1.88,-0.17,1.29
2021-10-12,8.8,8.56,8.84,8.48,60244,51972957.0,4.05,-3.71,-0.33,1.75
2021-10-13,8.59,8.58,8.66,8.5,31604,27077254.0,1.87,0.23,0.02,0.92
2021-10-14,8.58,8.62,8.77,8.53,28274,24446915.0,2.8,0.47,0.04,0.82
2021-10-15,8.6,8.54,8.62,8.52,21747,18623552.0,1.16,-0.93,-0.08,0.63
2021-10-18,8.6,8.56,8.6,8.43,19986,17031638.0,1.99,0.23,0.02,0.58
2021-10-19,8.55,8.65,8.88,8.51,37937,32989738.0,4.32,1.05,0.09,1.1
2021-10-20,8.66,8.62,8.75,8.61,30032,26051481.0,1.62,-0.35,-0.03,0.87
2021-10-21,8.62,8.6,8.72,8.57,26069,22506987.0,1.74,-0.23,-0.02,0.76
2021-10-22,8.6,8.65,8.68,8.53,20848,17972839.0,1.74,0.58,0.05,0.6
2021-10-25,8.6,8.46,8.6,8.34,42215,35643107.0,3.01,-2.2,-0.19,1.22
2021-10-26,8.45,8.49,8.52,8.4,22461,19019716.0,1.42,0.35,0.03,0.65
2021-10-27,8.5,8.13,8.5,8.12,43337,35592540.0,4.48,-4.24,-0.36,1.26
2021-10-28,8.2,8.08,8.25,8.01,24125,19552607.0,2.95,-0.62,-0.05,0.7
2021-10-29,8.08,8.24,8.28,8.08,23921,19631974.0,2.48,1.98,0.16,0.69
2021-11-01,8.22,8.24,8.27,8.1,21019,17227256.0,2.06,0.0,0.0,0.61
2021-11-02,8.23,8.05,8.27,7.99,31214,25313401.0,3.4,-2.31,-0.19,0.9
2021-11-03,8.05,8.12,8.12,8.04,13880,11217031.0,0.99,0.87,0.07,0.4
2021-11-04,8.14,8.16,8.18,8.11,17941,14621469.0,0.86,0.49,0.04,0.52
2021-11-05,8.15,8.28,8.37,8.1,32965,27200444.0,3.31,1.47,0.12,0.96
2021-11-08,8.23,8.28,8.37,8.13,23260,19249342.0,2.9,0.0,0.0,0.67
2021-11-09,8.28,8.39,8.41,8.26,24964,20861080.0,1.81,1.33,0.11,0.72
2021-11-10,8.33,8.46,8.5,8.33,27134,22816204.0,2.03,0.83,0.07,0.79
2021-11-11,8.47,8.52,8.62,8.46,31996,27302976.0,1.89,0.71,0.06,0.93
2021-11-12,8.52,8.56,8.57,8.43,27509,23355795.0,1.64,0.47,0.04,0.8
2021-11-15,7.7,7.7,7.7,7.7,31750,24447500.0,0.0,-10.05,-0.86,0.92
2021-11-16,7.49,7.49,7.67,7.42,175320,131564093.0,3.25,-2.73,-0.21,5.08
2021-11-17,7.54,7.54,7.57,7.47,77183,58150273.0,1.34,0.67,0.05,2.24
2021-11-18,7.54,7.56,7.73,7.52,82063,62363517.0,2.79,0.27,0.02,2.38
2021-11-19,7.5,7.62,7.64,7.49,70432,53247540.0,1.98,0.79,0.06,2.04
2021-11-22,7.57,7.61,7.65,7.55,54261,41311344.0,1.31,-0.13,-0.01,1.57
2021-11-23,7.61,7.56,7.63,7.5,55340,41903831.0,1.71,-0.66,-0.05,1.6
2021-11-24,7.56,7.57,7.6,7.5,47620,35918981.0,1.32,0.13,0.01,1.38
2021-11-25,7.59,7.6,7.67,7.54,49823,37881112.0,1.72,0.4,0.03,1.44
2021-11-26,7.57,7.61,7.68,7.52,44589,33858202.0,2.11,0.13,0.01,1.29
2021-11-29,7.51,7.52,7.57,7.45,39061,29361556.0,1.58,-1.18,-0.09,1.13
2021-11-30,7.54,7.66,7.73,7.51,58740,44818185.0,2.93,1.86,0.14,1.7
2021-12-01,7.64,7.79,7.79,7.6,65750,50747105.0,2.48,1.7,0.13,1.91
2021-12-02,7.82,7.7,7.83,7.7,59238,45950260.0,1.67,-1.16,-0.09,1.72
2021-12-03,7.7,7.82,7.84,7.69,58589,45616145.0,1.95,1.56,0.12,1.7
2021-12-06,7.99,7.77,7.99,7.71,73278,57507580.0,3.58,-0.64,-0.05,2.12
2021-12-07,7.81,7.84,7.92,7.76,60677,47579068.0,2.06,0.9,0.07,1.76
2021-12-08,7.84,7.84,7.88,7.78,41896,32828033.0,1.28,0.0,0.0,1.21
2021-12-09,7.81,7.92,8.0,7.81,53799,42611433.0,2.42,1.02,0.08,1.56
2021-12-10,7.89,7.91,7.96,7.85,32007,25301238.0,1.39,-0.13,-0.01,0.93
2021-12-13,7.9,7.83,7.95,7.81,54143,42668070.0,1.77,-1.01,-0.08,1.57
2021-12-14,7.81,7.85,7.89,7.76,38829,30385984.0,1.66,0.26,0.02,1.13
2021-12-15,7.85,7.98,8.2,7.82,92429,74085381.0,4.84,1.66,0.13,2.68
2021-12-16,7.98,7.99,8.04,7.91,51562,41137830.0,1.63,0.13,0.01,1.49
2021-12-17,7.99,7.92,8.01,7.92,38346,30501867.0,1.13,-0.88,-0.07,1.11
2021-12-20,7.91,7.82,7.98,7.81,43305,34076023.0,2.15,-1.26,-0.1,1.26
2021-12-21,7.82,8.02,8.05,7.8,63448,50501960.0,3.2,2.56,0.2,1.84
2021-12-22,8.03,8.07,8.18,7.98,71990,58057924.0,2.49,0.62,0.05,2.09
2021-12-23,8.07,7.89,8.1,7.88,59135,46934972.0,2.73,-2.23,-0.18,1.71
2021-12-24,7.93,8.01,8.14,7.86,85506,68334714.0,3.55,1.52,0.12,2.48
2021-12-27,7.96,8.12,8.22,7.94,97926,79589017.0,3.5,1.37,0.11,2.84
2021-12-28,8.1,8.15,8.28,8.06,82974,67753378.0,2.71,0.37,0.03,2.41
2021-12-29,8.23,8.06,8.23,8.03,52328,42263340.0,2.45,-1.1,-0.09,1.52
2021-12-30,8.1,8.18,8.24,8.06,62720,51325000.0,2.23,1.49,0.12,1.82
2021-12-31,8.19,8.16,8.23,8.12,58533,47854442.0,1.34,-0.24,-0.02,1.7
2022-01-04,8.16,8.24,8.26,8.12,70457,57728950.0,1.72,0.98,0.08,2.04
2022-01-05,8.23,8.2,8.3,8.08,64023,52211277.0,2.67,-0.49,-0.04,1.86
2022-01-06,8.2,8.16,8.24,8.12,47857,39134750.0,1.46,-0.49,-0.04,1.39
2022-01-07,8.16,7.98,8.19,7.97,71921,58087096.0,2.7,-2.21,-0.18,2.08
2022-01-10,7.98,8.09,8.11,7.77,73082,58417114.0,4.26,1.38,0.11,2.12
2022-01-11,8.11,8.04,8.18,8.01,45537,36848707.0,2.1,-0.62,-0.05,1.32
2022-01-12,8.02,8.17,8.34,8.02,74926,61432341.0,3.98,1.62,0.13,2.17
2022-01-13,8.22,8.11,8.25,8.09,46369,37909493.0,1.96,-0.73,-0.06,1.34
2022-01-14,8.09,7.99,8.15,7.91,65507,52736226.0,2.96,-1.48,-0.12,1.9
2022-01-17,7.98,8.0,8.08,7.92,65051,51923423.0,2.0,0.13,0.01,1.89
2022-01-18,8.0,7.83,8.05,7.78,63274,49805417.0,3.38,-2.13,-0.17,1.83
2022-01-19,7.81,7.85,7.91,7.75,33816,26555687.0,2.04,0.26,0.02,0.98
2022-01-20,7.86,7.64,7.86,7.63,53055,41075592.0,2.93,-2.68,-0.21,1.54
2022-01-21,7.64,7.7,7.71,7.6,32689,25045963.0,1.44,0.79,0.06,0.95
2022-01-24,7.68,7.55,7.68,7.54,31845,24213882.0,1.82,-1.95,-0.15,0.92
2022-01-25,7.55,7.14,7.55,7.1,68340,50016297.0,5.96,-5.43,-0.41,1.98
2022-01-26,7.1,7.25,7.3,7.1,40645,29354643.0,2.8,1.54,0.11,1.18
2022-01-27,7.21,7.04,7.24,7.04,47351,33692130.0,2.76,-2.9,-0.21,1.37
2022-01-28,7.06,7.19,7.22,7.06,30560,21881318.0,2.27,2.13,0.15,0.89
2022-02-07,7.25,7.28,7.33,7.19,27435,19963924.0,1.95,1.25,0.09,0.8
2022-02-08,7.26,7.45,7.46,7.24,39018,28768454.0,3.02,2.34,0.17,1.13
2022-02-09,7.43,7.51,7.51,7.4,27268,20366230.0,1.48,0.81,0.06,0.79
2022-02-10,7.49,7.47,7.5,7.4,24545,18281632.0,1.33,-0.53,-0.04,0.71
2022-02-11,7.41,7.36,7.49,7.3,35791,26440826.0,2.54,-1.47,-0.11,1.04
2022-02-14,7.25,7.38,7.42,7.25,35201,25924354.0,2.31,0.27,0.02,1.02
2022-02-15,7.39,7.29,7.43,7.29,29988,22030691.0,1.9,-1.22,-0.09,0.87
2022-02-16,7.35,7.43,7.45,7.34,35660,26362314.0,1.51,1.92,0.14,1.03
2022-02-17,7.41,7.38,7.42,7.29,30125,22151251.0,1.75,-0.67,-0.05,0.87
2022-02-18,7.33,7.39,7.4,7.28,32624,23945854.0,1.63,0.14,0.01,0.95
2022-02-21,7.34,7.48,7.48,7.33,36999,27418000.0,2.03,1.22,0.09,1.07
2022-02-22,7.42,7.38,7.47,7.35,25800,19090877.0,1.6,-1.34,-0.1,0.75
2022-02-23,7.39,7.42,7.46,7.33,30188,22361372.0,1.76,0.54,0.04,0.88
2022-02-24,7.37,7.21,7.47,7.09,71893,52299482.0,5.12,-2.83,-0.21,2.08
2022-02-25,7.22,7.32,7.37,7.22,37619,27470971.0,2.08,1.53,0.11,1.09
2022-02-28,7.36,7.25,7.37,7.18,30727,22216180.0,2.6,-0.96,-0.07,0.89
2022-03-01,7.26,7.38,7.39,7.24,40064,29388901.0,2.07,1.79,0.13,1.16
2022-03-02,7.36,7.49,7.52,7.3,43568,32460064.0,2.98,1.49,0.11,1.26
2022-03-03,7.5,7.45,7.52,7.43,38283,28600469.0,1.2,-0.53,-0.04,1.11
2022-03-04,7.44,7.37,7.5,7.35,32960,24482483.0,2.01,-1.07,-0.08,0.96
2022-03-07,7.34,7.29,7.38,7.24,31960,23352366.0,1.9,-1.09,-0.08,0.93
2022-03-08,7.28,7.18,7.38,7.08,62155,44972509.0,4.12,-1.51,-0.11,1.8
2022-03-09,7.17,6.93,7.22,6.66,69031,48135000.0,7.8,-3.48,-0.25,2.0
2022-03-10,7.04,7.0,7.17,6.99,35369,25017384.0,2.6,1.01,0.07,1.03
2022-03-11,6.91,7.1,7.15,6.8,41674,28937128.0,5.0,1.43,0.1,1.21
2022-03-14,7.08,6.92,7.1,6.92,34870,24435480.0,2.54,-2.54,-0.18,1.01
2022-03-15,6.92,6.54,6.93,6.54,42629,28713623.0,5.64,-5.49,-0.38,1.24
2022-03-16,6.63,6.75,6.78,6.47,37980,25220077.0,4.74,3.21,0.21,1.1
2022-03-17,6.8,6.84,6.98,6.78,36776,25291555.0,2.96,1.33,0.09,1.07
2022-03-18,6.84,6.9,6.97,6.8,36328,25100873.0,2.49,0.88,0.06,1.05
2022-03-21,6.9,6.93,6.94,6.83,27751,19147118.0,1.59,0.43,0.03,0.8
2022-03-22,6.92,6.97,7.01,6.84,31225,21678002.0,2.45,0.58,0.04,0.91
2022-03-23,6.98,6.98,7.04,6.93,22411,15662801.0,1.58,0.14,0.01,0.65
2022-03-24,6.95,6.84,6.95,6.82,29047,19948427.0,1.86,-2.01,-0.14,0.84
2022-03-25,6.84,6.93,7.0,6.84,32937,22869921.0,2.34,1.32,0.09,0.95
2022-03-28,6.84,6.95,7.06,6.8,39307,27326401.0,3.75,0.29,0.02,1.14
2022-03-29,6.95,6.89,7.0,6.88,28982,20126000.0,1.73,-0.86,-0.06,0.84
2022-03-30,6.95,6.98,7.03,6.85,30831,21442994.0,2.61,1.31,0.09,0.89
2022-03-31,6.96,6.97,7.09,6.94,39330,27583612.0,2.15,-0.14,-0.01,1.14
2022-04-01,6.97,6.95,6.97,6.89,27236,18874040.0,1.15,-0.29,-0.02,0.79
2022-04-06,6.94,7.04,7.14,6.91,40865,28847741.0,3.31,1.29,0.09,1.18
2022-04-07,7.04,6.85,7.06,6.84,35055,24263286.0,3.13,-2.7,-0.19,1.02
2022-04-08,6.85,6.74,6.9,6.68,40885,27601560.0,3.21,-1.61,-0.11,1.19
2022-04-11,6.71,6.52,6.74,6.45,38485,25401293.0,4.3,-3.26,-0.22,1.12
2022-04-12,6.5,6.71,6.73,6.45,33409,22051425.0,4.29,2.91,0.19,0.97
2022-04-13,6.66,6.61,6.71,6.59,23814,15816311.0,1.79,-1.49,-0.1,0.69
2022-04-14,6.66,6.71,6.78,6.63,25078,16805155.0,2.27,1.51,0.1,0.73
2022-04-15,6.73,6.58,6.73,6.54,30419,20071230.0,2.83,-1.94,-0.13,0.88
2022-04-18,6.59,6.57,6.63,6.48,15530,10182673.0,2.28,-0.15,-0.01,0.45
2022-04-19,6.56,6.6,6.63,6.54,18148,11970487.0,1.37,0.46,0.03,0.53
2022-04-20,6.61,6.52,6.7,6.51,27303,18034714.0,2.88,-1.21,-0.08,0.79
2022-04-21,6.5,6.26,6.55,6.2,45181,28850288.0,5.37,-3.99,-0.26,1.31
2022-04-22,6.22,6.24,6.33,6.13,34897,21766382.0,3.19,-0.32,-0.02,1.01
2022-04-25,6.2,5.62,6.2,5.62,64701,38143314.0,9.29,-9.94,-0.62,1.88
2022-04-26,5.62,5.32,5.7,5.31,57595,31760085.0,6.94,-5.34,-0.3,1.67
2022-04-27,5.33,5.39,5.4,5.07,52340,27412287.0,6.2,1.32,0.07,1.52
2022-04-28,5.38,5.11,5.39,5.07,49898,25892904.0,5.94,-5.19,-0.28,1.45
2022-04-29,5.2,5.38,5.44,5.12,58719,31233212.0,6.26,5.28,0.27,1.7
2022-05-05,5.42,5.44,5.48,5.28,33913,18339343.0,3.72,1.12,0.06,0.98
2022-05-06,5.32,5.33,5.38,5.28,24230,12919702.0,1.84,-2.02,-0.11,0.7
2022-05-09,5.33,5.46,5.49,5.31,27034,14687527.0,3.38,2.44,0.13,0.78
2022-05-10,5.39,5.49,5.54,5.37,25061,13716832.0,3.11,0.55,0.03,0.73
2022-05-11,5.54,5.5,5.68,5.41,34990,19510592.0,4.92,0.18,0.01,1.01
2022-05-12,5.44,5.6,5.6,5.43,26422,14695525.0,3.09,1.82,0.1,0.77
2022-05-13,5.59,5.61,5.64,5.55,27293,15271582.0,1.61,0.18,0.01,0.79
2022-05-16,5.59,5.6,5.66,5.54,24687,13803185.0,2.14,-0.18,-0.01,0.72
2022-05-17,5.56,5.6,5.61,5.5,22965,12766467.0,1.96,0.0,0.0,0.67
2022-05-18,5.59,5.67,5.73,5.56,34390,19455233.0,3.04,1.25,0.07,1.0
2022-05-19,5.61,5.75,5.75,5.6,28477,16234606.0,2.65,1.41,0.08,0.83
2022-05-20,5.75,5.81,5.83,5.72,27820,16068568.0,1.91,1.04,0.06,0.81
2022-05-23,5.84,6.12,6.38,5.8,97519,59283501.0,9.98,5.34,0.31,2.83
2022-05-24,6.32,5.88,6.33,5.84,96462,58634753.0,8.01,-3.92,-0.24,2.8
2022-05-25,5.84,6.0,6.07,5.83,64462,38519466.0,4.08,2.04,0.12,1.87
2022-05-26,6.02,6.03,6.15,5.95,53293,32231018.0,3.33,0.5,0.03,1.54
2022-05-27,6.06,6.28,6.36,6.02,81517,50599270.0,5.64,4.15,0.25,2.36
2022-05-30,6.22,6.17,6.29,6.15,53021,32919037.0,2.23,-1.75,-0.11,1.54
2022-05-31,6.11,6.17,6.23,6.11,32586,20104677.0,1.94,0.0,0.0,0.94
2022-06-01,6.21,6.28,6.37,6.15,58770,36905510.0,3.57,1.78,0.11,1.7
2022-06-02,6.26,6.49,6.54,6.18,65952,42165725.0,5.73,3.34,0.21,1.91
2022-06-06,6.42,6.45,6.54,6.38,48685,31303296.0,2.47,-0.62,-0.04,1.41
2022-06-07,6.43,6.36,6.46,6.31,38748,24637965.0,2.33,-1.4,-0.09,1.12
2022-06-08,6.34,6.44,6.46,6.18,46514,29475760.0,4.4,1.26,0.08,1.35
2022-06-09,6.39,6.2,6.43,6.17,49533,31109081.0,4.04,-3.73,-0.24,1.44
2022-06-10,6.2,6.38,6.41,6.15,48252,30513601.0,4.19,2.9,0.18,1.4
2022-06-13,6.32,6.29,6.39,6.25,31066,19626573.0,2.19,-1.41,-0.09,0.9
2022-06-14,6.29,6.46,6.49,6.12,61834,39045625.0,5.88,2.7,0.17,1.79
2022-06-15,6.45,7.11,7.11,6.4,210425,144535401.0,10.99,10.06,0.65,6.1
2022-06-16,7.15,6.93,7.82,6.84,380375,281063168.0,13.78,-2.53,-0.18,11.03
2022-06-17,6.56,7.62,7.62,6.43,373306,261192464.0,17.17,9.96,0.69,10.82
2022-06-20,7.5,7.27,7.72,7.18,358845,265206636.0,7.09,-4.59,-0.35,10.4
2022-06-21,7.1,6.99,7.21,6.88,204473,143950386.0,4.54,-3.85,-0.28,5.93
2022-06-22,6.9,6.83,7.14,6.8,152016,105380002.0,4.86,-2.29,-0.16,4.41
2022-06-23,6.8,7.51,7.51,6.8,248054,178907628.0,10.4,9.96,0.68,7.19
2022-06-24,7.72,8.26,8.26,7.61,538702,435404240.0,8.66,9.99,0.75,15.61
2022-06-27,8.09,7.82,8.84,7.63,658275,533906176.0,14.65,-5.33,-0.44,19.08
2022-06-28,7.8,7.7,7.9,7.54,365756,281607776.0,4.6,-1.53,-0.12,10.6
2022-06-29,7.61,7.7,8.23,7.51,382139,300525696.0,9.35,0.0,0.0,11.08
2022-06-30,7.6,7.73,7.89,7.25,296986,224822727.0,8.31,0.39,0.03,8.61
2022-07-01,7.43,7.22,7.48,7.22,171831,125711833.0,3.36,-6.6,-0.51,4.98
2022-07-04,7.2,7.13,7.2,7.01,116494,82615707.0,2.63,-1.25,-0.09,3.38
2022-07-05,7.15,7.23,7.29,7.12,108191,77992965.0,2.38,1.4,0.1,3.14
2022-07-06,7.08,6.91,7.1,6.9,106775,74503821.0,2.77,-4.43,-0.32,3.09
2022-07-07,7.0,6.98,7.15,6.88,94222,65986535.0,3.91,1.01,0.07,2.73
2022-07-08,7.01,6.95,7.07,6.91,76276,53297515.4,2.29,-0.43,-0.03,2.21
2022-07-11,6.88,6.83,6.98,6.74,73271,50136219.06,3.45,-1.73,-0.12,2.12
2022-07-12,6.85,6.83,7.05,6.72,83947,57776637.29,4.83,0.0,0.0,2.43
2022-07-13,6.75,6.86,6.92,6.62,52841,36049149.31,4.39,0.44,0.03,1.53
2022-07-14,6.83,6.69,6.86,6.65,61614,41499589.66,3.06,-2.48,-0.17,1.79
2022-07-15,6.68,6.49,6.69,6.49,55596,36620025.15,2.99,-2.99,-0.2,1.61
2022-07-18,6.5,6.77,6.81,6.5,76990,51781781.77,4.78,4.31,0.28,2.23
2022-07-19,6.81,6.86,6.95,6.78,66021,45301782.62,2.51,1.33,0.09,1.91
2022-07-20,6.87,6.87,6.9,6.82,46508,31911741.71,1.17,0.15,0.01,1.35
2022-07-21,6.88,6.81,6.91,6.81,41677,28485341.07,1.46,-0.87,-0.06,1.21
2022-07-22,6.86,6.77,6.91,6.71,48951,33378575.57,2.94,-0.59,-0.04,1.42
2022-07-25,6.77,6.76,6.85,6.71,36543,24807842.86,2.07,-0.15,-0.01,1.06
2022-07-26,6.76,6.82,6.86,6.68,45073,30513072.07,2.66,0.89,0.06,1.31
2022-07-27,6.78,6.79,6.86,6.74,36938,25125345.91,1.76,-0.44,-0.03,1.07
2022-07-28,6.86,6.9,6.95,6.82,67533,46520781.62,1.91,1.62,0.11,1.96
2022-07-29,6.86,6.8,6.92,6.78,47715,32584146.76,2.03,-1.45,-0.1,1.38
2022-08-01,6.8,6.73,6.84,6.71,38023,25684483.11,1.91,-1.03,-0.07,1.1
2022-08-02,6.68,6.31,6.69,6.23,79119,50447876.77,6.84,-6.24,-0.42,2.29
2022-08-03,6.34,6.37,6.55,6.33,65449,42197669.95,3.49,0.95,0.06,1.9
2022-08-04,6.43,6.44,6.45,6.31,36173,23179518.59,2.2,1.1,0.07,1.05
2022-08-05,6.44,6.56,6.59,6.38,48389,31378030.58,3.26,1.86,0.12,1.4
2022-08-08,6.57,6.67,6.67,6.51,41589,27467200.46,2.44,1.68,0.11,1.21
2022-08-09,6.66,6.62,6.68,6.58,30025,19899432.93,1.5,-0.75,-0.05,0.87
2022-08-10,6.64,6.7,6.75,6.56,36831,24612562.72,2.87,1.21,0.08,1.07
2022-08-11,6.73,7.08,7.14,6.71,118199,82304518.54,6.42,5.67,0.38,3.43
2022-08-12,7.0,6.9,7.01,6.89,71062,49339200.8,1.69,-2.54,-0.18,2.06
2022-08-15,6.9,6.88,6.92,6.81,41724,28619618.94,1.59,-0.29,-0.02,1.21
2022-08-16,6.92,6.93,6.97,6.82,45311,31302055.16,2.18,0.73,0.05,1.31
2022-08-17,6.87,6.97,7.01,6.82,61934,42929189.24,2.74,0.58,0.04,1.8
2022-08-18,6.95,6.84,6.96,6.83,44723,30724932.66,1.87,-1.87,-0.13,1.3
2022-08-19,6.84,6.82,6.91,6.8,44441,30466533.02,1.61,-0.29,-0.02,1.29
2022-08-22,6.8,6.81,6.88,6.76,35179,23980083.5,1.76,-0.15,-0.01,1.02
2022-08-23,6.82,6.91,6.94,6.77,52060,35709155.85,2.5,1.47,0.1,1.51
2022-08-24,6.94,6.83,7.15,6.83,88271,61581151.52,4.63,-1.16,-0.08,2.56
2022-08-25,6.82,6.95,7.06,6.82,67408,46701677.58,3.51,1.76,0.12,1.95
2022-08-26,6.9,7.01,7.21,6.83,96653,68061654.62,5.47,0.86,0.06,2.8
2022-08-29,6.9,6.86,6.95,6.8,68624,46999746.51,2.14,-2.14,-0.15,1.99
2022-08-30,6.84,6.86,6.99,6.8,48835,33574360.7,2.77,0.0,0.0,1.42
2022-08-31,6.83,6.71,6.89,6.67,68051,46048440.81,3.21,-2.19,-0.15,1.97
2022-09-01,6.72,6.71,6.87,6.69,50901,34578061.54,2.68,0.0,0.0,1.48
2022-09-02,6.75,6.74,6.8,6.7,33254,22408344.0,1.49,0.45,0.03,0.96
2022-09-05,6.71,6.73,6.81,6.68,30800,20744074.93,1.93,-0.15,-0.01,0.89
2022-09-06,6.76,6.85,6.85,6.72,36606,24786343.0,1.93,1.78,0.12,1.06
2022-09-07,6.83,6.68,6.83,6.64,48992,32829130.26,2.77,-2.48,-0.17,1.42
2022-09-08,6.67,6.54,6.7,6.53,33469,22071500.33,2.54,-2.1,-0.14,0.97
2022-09-09,6.54,6.61,6.75,6.48,40304,26678334.97,4.13,1.07,0.07,1.17
2022-09-13,6.62,6.8,6.82,6.6,71676,48394262.98,3.33,2.87,0.19,2.08
2022-09-14,6.73,6.67,6.73,6.61,44587,29764057.19,1.76,-1.91,-0.13,1.29
2022-09-15,6.67,6.55,6.75,6.46,47653,31466839.57,4.35,-1.8,-0.12,1.38
2022-09-16,6.52,6.2,6.52,6.2,56470,35659608.0,4.89,-5.34,-0.35,1.64
2022-09-19,6.19,6.06,6.23,5.99,35299,21482660.01,3.87,-2.26,-0.14,1.02
2022-09-20,6.08,6.19,6.23,6.07,26271,16214233.04,2.64,2.15,0.13,0.76
2022-09-21,6.18,6.31,6.36,6.05,35098,21804959.91,5.01,1.94,0.12,1.02
2022-09-22,6.29,6.3,6.39,6.26,26183,16526213.96,2.06,-0.16,-0.01,0.76
2022-09-23,6.25,6.08,6.29,6.07,30265,18639209.14,3.49,-3.49,-0.22,0.88
2022-09-26,6.05,5.81,6.05,5.75,42283,24967308.01,4.93,-4.44,-0.27,1.23
2022-09-27,5.86,5.92,5.94,5.81,26224,15413568.2,2.24,1.89,0.11,0.76
2022-09-28,5.91,5.77,5.95,5.73,33194,19350827.7,3.72,-2.53,-0.15,0.96
2022-09-29,5.81,5.69,5.9,5.63,29103,16710214.27,4.68,-1.39,-0.08,0.84
2022-09-30,5.69,5.75,5.82,5.66,29697,17069746.04,2.81,1.05,0.06,0.86
2022-10-10,5.78,5.56,5.78,5.51,37251,20942713.4,4.7,-3.3,-0.19,1.08
2022-10-11,5.6,5.61,5.65,5.48,24054,13389416.43,3.06,0.9,0.05,0.7
2022-10-12,5.62,5.79,5.8,5.56,26233,14863536.0,4.28,3.21,0.18,0.76
2022-10-13,5.76,5.86,5.91,5.71,25958,15111333.05,3.45,1.21,0.07,0.75
2022-10-14,5.89,6.0,6.02,5.86,29726,17756850.84,2.73,2.39,0.14,0.86
2022-10-17,5.95,6.13,6.14,5.94,31860,19330039.52,3.33,2.17,0.13,0.92
2022-10-18,6.14,6.24,6.65,6.08,89398,56899620.54,9.3,1.79,0.11,2.59
2022-10-19,6.12,6.86,6.86,6.12,229068,154616772.22,11.86,9.94,0.62,6.64
2022-10-20,6.6,6.8,7.18,6.45,301659,201841109.47,10.64,-0.87,-0.06,8.74
2022-10-21,6.72,6.54,6.87,6.54,170452,113246898.6,4.85,-3.82,-0.26,4.94
2022-10-24,6.66,6.42,6.68,6.36,108404,70737836.7,4.89,-1.83,-0.12,3.14
2022-10-25,6.43,6.45,6.57,6.34,86526,55799326.44,3.58,0.47,0.03,2.51
2022-10-26,6.37,6.47,6.62,6.33,84653,55102245.44,4.5,0.31,0.02,2.45
2022-10-27,6.49,6.53,6.79,6.44,98598,64793451.38,5.41,0.93,0.06,2.86
2022-10-28,6.38,6.14,6.42,6.11,105335,65720546.23,4.75,-5.97,-0.39,3.05
2022-10-31,6.12,6.37,6.41,6.1,81326,51439950.45,5.05,3.75,0.23,2.36
2022-11-01,6.44,6.44,6.48,6.31,51025,32624630.7,2.67,1.1,0.07,1.48
2022-11-02,6.45,6.41,6.55,6.39,54734,35377265.36,2.48,-0.47,-0.03,1.59
2022-11-03,6.38,6.38,6.45,6.36,40123,25653527.66,1.4,-0.47,-0.03,1.16
2022-11-04,6.4,6.57,6.58,6.39,66968,43536714.92,2.98,2.98,0.19,1.94
2022-11-07,6.58,6.54,6.6,6.47,50587,33075412.99,1.98,-0.46,-0.03,1.47
2022-11-08,6.52,6.47,6.56,6.44,40790,26420457.98,1.83,-1.07,-0.07,1.18
2022-11-09,6.5,6.52,6.57,6.45,36957,24072674.62,1.85,0.77,0.05,1.07
2022-11-10,6.51,6.5,6.56,6.43,40539,26384714.32,1.99,-0.31,-0.02,1.18
2022-11-11,6.61,6.57,6.68,6.49,64967,42757516.18,2.92,1.08,0.07,1.88
2022-11-14,6.55,6.5,6.69,6.47,73478,48269268.54,3.35,-1.07,-0.07,2.13
2022-11-15,6.48,6.73,6.78,6.36,104620,69780438.52,6.46,3.54,0.23,3.03
2022-11-16,6.73,6.79,7.03,6.66,104828,71447307.7,5.5,0.89,0.06,3.04
2022-11-17,6.79,6.95,7.05,6.75,111772,77246375.93,4.42,2.36,0.16,3.24
2022-11-18,6.95,6.78,7.04,6.77,88733,61066837.06,3.88,-2.45,-0.17,2.57
2022-11-21,6.73,6.62,6.83,6.58,56941,37832257.4,3.69,-2.36,-0.16,1.65
2022-11-22,6.59,6.74,7.08,6.55,124480,84639507.19,8.01,1.81,0.12,3.61
2022-11-23,6.69,6.9,7.16,6.69,202865,141273246.81,6.97,2.37,0.16,5.88
2022-11-24,6.91,6.78,6.91,6.4,129447,87383798.78,7.39,-1.74,-0.12,3.75
2022-11-25,6.78,6.82,6.95,6.65,82916,56571431.01,4.42,0.59,0.04,2.4
2022-11-28,6.72,6.88,6.93,6.59,92439,62868396.72,4.99,0.88,0.06,2.68
2022-11-29,6.84,7.05,7.23,6.83,179376,125923487.32,5.81,2.47,0.17,5.2
2022-11-30,7.01,7.01,7.09,6.94,103901,72840173.35,2.13,-0.57,-0.04,3.01
2022-12-01,7.01,6.91,7.12,6.86,99765,69586016.34,3.71,-1.43,-0.1,2.89
2022-12-02,6.87,6.82,6.93,6.78,64649,44225223.89,2.17,-1.3,-0.09,1.87
2022-12-05,6.81,7.06,7.15,6.81,127446,89371680.14,4.99,3.52,0.24,3.69
2022-12-06,7.0,6.87,7.02,6.84,91114,63036287.6,2.55,-2.69,-0.19,2.64
2022-12-07,6.89,6.81,6.9,6.74,66586,45258023.37,2.33,-0.87,-0.06,1.93
2022-12-08,6.79,6.74,6.84,6.66,65397,44007213.75,2.64,-1.03,-0.07,1.9
2022-12-09,6.78,6.71,6.79,6.61,53023,35440755.95,2.67,-0.45,-0.03,1.54
2022-12-12,6.71,6.59,6.71,6.56,41454,27412059.12,2.24,-1.79,-0.12,1.2
2022-12-13,6.59,6.59,6.68,6.57,30533,20189765.42,1.67,0.0,0.0,0.89
2022-12-14,6.59,6.57,6.65,6.54,27663,18246232.22,1.67,-0.3,-0.02,0.8
2022-12-15,6.57,6.61,6.67,6.55,23638,15635263.4,1.83,0.61,0.04,0.69
2022-12-16,6.58,6.47,6.6,6.43,35721,23221643.95,2.57,-2.12,-0.14,1.04
2022-12-19,6.43,6.27,6.49,6.25,33557,21252025.5,3.71,-3.09,-0.2,0.97
2022-12-20,6.29,6.28,6.32,6.2,21650,13581631.5,1.91,0.16,0.01,0.63
2022-12-21,6.26,6.22,6.38,6.17,24413,15191150.0,3.34,-0.96,-0.06,0.71
2022-12-22,6.29,6.16,6.29,6.13,20609,12779117.5,2.57,-0.96,-0.06,0.6
2022-12-23,6.13,6.13,6.22,6.06,17687,10868389.0,2.6,-0.49,-0.03,0.51
2022-12-26,6.15,6.24,6.24,6.14,16706,10357710.43,1.63,1.79,0.11,0.48
2022-12-27,6.26,6.4,6.65,6.2,92439,59318215.47,7.21,2.56,0.16,2.68
2022-12-28,6.39,6.28,6.4,6.25,52507,33116724.49,2.34,-1.88,-0.12,1.52
2022-12-29,6.29,6.16,6.33,6.15,28280,17563100.07,2.87,-1.91,-0.12,0.82
2022-12-30,6.2,6.22,6.25,6.16,18316,11375390.85,1.46,0.97,0.06,0.53
2023-01-03,6.22,6.31,6.32,6.17,21836,13671221.5,2.41,1.45,0.09,0.63
2023-01-04,6.3,6.36,6.41,6.26,28501,18082858.81,2.38,0.79,0.05,0.83
2023-01-05,6.38,6.41,6.44,6.32,32034,20474707.0,1.89,0.79,0.05,0.93
2023-01-06,6.39,6.28,6.4,6.27,30475,19263922.0,2.03,-2.03,-0.13,0.88
2023-01-09,6.29,6.32,6.41,6.28,22917,14522657.6,2.07,0.64,0.04,0.66
2023-01-10,6.42,6.73,6.95,6.31,222072,148804985.1,10.13,6.49,0.41,6.44
2023-01-11,6.63,6.53,6.66,6.5,131236,86443895.16,2.38,-2.97,-0.2,3.8
2023-01-12,6.55,6.47,6.59,6.41,61372,39840893.18,2.76,-0.92,-0.06,1.78
2023-01-13,6.5,6.58,6.65,6.45,88890,58451692.71,3.09,1.7,0.11,2.58
2023-01-16,6.59,6.79,6.99,6.52,165565,112515264.2,7.14,3.19,0.21,4.8
2023-01-17,6.75,7.05,7.2,6.7,254915,177555327.02,7.36,3.83,0.26,7.39
2023-01-18,6.95,6.97,7.19,6.95,178322,125485063.73,3.4,-1.13,-0.08,5.17
2023-01-19,6.93,7.25,7.67,6.9,414370,303627496.54,11.05,4.02,0.28,12.01
2023-01-20,7.13,6.95,7.18,6.79,288653,199694947.34,5.38,-4.14,-0.3,8.37
2023-01-30,7.02,6.93,7.04,6.87,147855,102492123.8,2.45,-0.29,-0.02,4.29
2023-01-31,6.93,6.86,6.93,6.79,101356,69395130.22,2.02,-1.01,-0.07,2.94
2023-02-01,6.89,7.02,7.02,6.83,140823,97755536.66,2.77,2.33,0.16,4.08
2023-02-02,7.01,6.85,7.01,6.85,110183,75938250.15,2.28,-2.42,-0.17,3.19
2023-02-03,6.88,6.88,6.89,6.75,69110,47230863.03,2.04,0.44,0.03,2.0
2023-02-06,6.83,6.88,6.88,6.8,42804,29361368.39,1.16,0.0,0.0,1.24
2023-02-07,6.86,6.87,6.9,6.81,45625,31296591.54,1.31,-0.15,-0.01,1.32
2023-02-08,6.87,6.9,7.02,6.82,88239,61039283.04,2.91,0.44,0.03,2.56
2023-02-09,6.85,6.93,6.94,6.83,66385,45843199.26,1.59,0.43,0.03,1.92
2023-02-10,6.9,6.95,6.97,6.88,58902,40851633.19,1.3,0.29,0.02,1.71
2023-02-13,6.96,7.01,7.02,6.92,64412,44925552.6,1.44,0.86,0.06,1.87
2023-02-14,7.02,6.95,7.07,6.92,65607,45814498.93,2.14,-0.86,-0.06,1.9
2023-02-15,6.97,6.92,7.0,6.9,55957,38852806.42,1.44,-0.43,-0.03,1.62
2023-02-16,6.89,6.75,7.02,6.71,72521,49956070.23,4.48,-2.46,-0.17,2.1
2023-02-17,6.76,6.73,6.86,6.7,53283,36064162.76,2.37,-0.3,-0.02,1.54
2023-02-20,6.78,6.91,6.92,6.71,65779,45030642.48,3.12,2.67,0.18,1.91
2023-02-21,6.88,6.86,6.93,6.82,46359,31850349.38,1.59,-0.72,-0.05,1.34
2023-02-22,6.86,6.83,6.89,6.82,28127,19260215.0,1.02,-0.44,-0.03,0.82
2023-02-23,6.81,6.84,6.95,6.81,49776,34279380.67,2.05,0.15,0.01,1.44
2023-02-24,6.84,6.86,6.93,6.73,50307,34339900.67,2.92,0.29,0.02,1.46
2023-02-27,6.82,6.68,6.85,6.67,45891,31004517.49,2.62,-2.62,-0.18,1.33
2023-02-28,6.7,6.74,6.78,6.67,29987,20153504.5,1.65,0.9,0.06,0.87
2023-03-01,6.72,6.8,6.82,6.7,37080,25107179.83,1.78,0.89,0.06,1.07
2023-03-02,6.78,6.79,6.83,6.76,27880,18932888.0,1.03,-0.15,-0.01,0.81
2023-03-03,6.78,6.83,6.86,6.76,39111,26674037.39,1.47,0.59,0.04,1.13
2023-03-06,6.83,6.82,6.89,6.79,39180,26785381.82,1.46,-0.15,-0.01,1.14
2023-03-07,6.8,6.94,7.1,6.79,185153,128820499.62,4.55,1.76,0.12,5.37
2023-03-08,6.9,6.94,6.94,6.76,98203,67344514.2,2.59,0.0,0.0,2.85
2023-03-09,6.94,7.2,7.46,6.9,250358,178830238.64,8.07,3.75,0.26,7.26
2023-03-10,7.85,7.92,7.92,7.68,365792,288990539.45,3.33,10.0,0.72,10.6
2023-03-13,7.58,7.66,8.23,7.52,564913,439811601.97,8.96,-3.28,-0.26,16.37
2023-03-14,7.58,7.35,7.67,7.21,395137,291891429.25,6.01,-4.05,-0.31,11.45
2023-03-15,7.23,7.65,7.89,7.19,394738,296808111.75,9.52,4.08,0.3,11.44
2023-03-16,7.46,7.28,7.55,7.27,242093,178302451.1,3.66,-4.84,-0.37,7.02
2023-03-17,7.35,7.27,7.49,7.19,230441,168113757.85,4.12,-0.14,-0.01,6.68
2023-03-20,7.39,7.23,7.49,7.23,200993,147744277.28,3.58,-0.55,-0.04,5.83
2023-03-21,7.3,7.25,7.32,7.1,150516,108372640.75,3.04,0.28,0.02,4.36
2023-03-22,7.23,7.23,7.3,7.18,120296,86919280.26,1.66,-0.28,-0.02,3.49
2023-03-23,7.19,7.23,7.24,7.1,106508,76368460.76,1.94,0.0,0.0,3.09
2023-03-24,7.23,7.08,7.23,7.05,108819,77447430.41,2.49,-2.07,-0.15,3.15
2023-03-27,7.1,7.11,7.14,6.96,100251,70788512.7,2.54,0.42,0.03,2.91
2023-03-28,7.09,6.99,7.11,6.97,63347,44419514.94,1.97,-1.69,-0.12,1.84
2023-03-29,6.99,6.92,7.01,6.88,60509,41899957.16,1.86,-1.0,-0.07,1.75
2023-03-30,6.93,6.82,6.93,6.77,62034,42404863.0,2.31,-1.45,-0.1,1.8
2023-03-31,6.84,6.92,6.95,6.8,63660,43811870.42,2.2,1.47,0.1,1.85
2023-04-03,6.92,7.0,7.05,6.88,87998,61428106.52,2.46,1.16,0.08,2.55
2023-04-04,7.01,6.91,7.02,6.86,70629,48928324.2,2.29,-1.29,-0.09,2.05
2023-04-06,6.88,6.79,6.89,6.77,55292,37709256.64,1.74,-1.74,-0.12,1.6
2023-04-07,6.75,6.89,6.89,6.72,43911,30026236.63,2.5,1.47,0.1,1.27
2023-04-10,6.89,6.79,6.93,6.71,54162,36864796.4,3.19,-1.45,-0.1,1.57
2023-04-11,6.8,6.93,7.07,6.72,111994,77823878.02,5.15,2.06,0.14,3.25
2023-04-12,6.98,6.92,7.0,6.84,59387,40887676.76,2.31,-0.14,-0.01,1.72
2023-04-13,6.92,6.9,7.04,6.89,61120,42560111.12,2.17,-0.29,-0.02,1.77
2023-04-14,6.95,6.84,6.95,6.83,45213,31070824.79,1.74,-0.87,-0.06,1.31
2023-04-17,6.82,6.95,7.01,6.79,74204,51430239.91,3.22,1.61,0.11,2.15
2023-04-18,6.96,6.87,7.08,6.85,71869,49878689.72,3.31,-1.15,-0.08,2.08
2023-04-19,6.85,6.52,6.86,6.47,131875,87372594.55,5.68,-5.09,-0.35,3.82
2023-04-20,6.5,6.55,6.59,6.43,48882,31808463.16,2.45,0.46,0.03,1.42
2023-04-21,6.55,6.36,6.55,6.35,53611,34481290.86,3.05,-2.9,-0.19,1.55
2023-04-24,6.34,6.32,6.39,6.26,32960,20833730.74,2.04,-0.63,-0.04,0.96
2023-04-25,6.3,6.19,6.32,6.13,38020,23622685.44,3.01,-2.06,-0.13,1.1
2023-04-26,6.13,6.25,6.27,6.12,26580,16555512.06,2.42,0.97,0.06,0.77
2023-04-27,6.25,6.23,6.31,6.18,24654,15413693.22,2.08,-0.32,-0.02,0.71
2023-04-28,6.22,6.38,6.39,6.22,39709,25183225.06,2.73,2.41,0.15,1.15
2023-05-05,6.06,6.06,6.06,6.06,910,551460.0,0.0,-5.02,-0.32,0.03
2023-05-08,5.76,5.76,5.76,5.76,2932,1688832.0,0.0,-4.95,-0.3,0.08
2023-05-09,5.47,5.47,5.47,5.47,1079,590213.0,0.0,-5.03,-0.29,0.03
2023-05-10,5.2,5.2,5.2,5.2,1589,826280.0,0.0,-4.94,-0.27,0.05
2023-05-11,4.94,4.94,4.94,4.94,2536,1252784.0,0.0,-5.0,-0.26,0.07
2023-05-12,4.69,4.69,4.69,4.69,9102,4268838.0,0.0,-5.06,-0.25,0.26
2023-05-15,4.46,4.46,4.46,4.46,2709,1208214.0,0.0,-4.9,-0.23,0.08
2023-05-16,4.24,4.24,4.24,4.24,2063,874712.0,0.0,-4.93,-0.22,0.06
2023-05-17,4.03,4.03,4.03,4.03,2111,850733.0,0.0,-4.95,-0.21,0.06
2023-05-18,3.83,3.83,3.83,3.83,11620,4450460.0,0.0,-4.96,-0.2,0.34
2023-05-19,3.64,3.66,3.82,3.64,420771,154075685.58,4.7,-4.44,-0.17,12.2
2023-05-22,3.55,3.74,3.76,3.54,192749,70473046.31,6.01,2.19,0.08,5.59
2023-05-23,3.71,3.93,3.93,3.68,182492,70910091.05,6.68,5.08,0.19,5.29
2023-05-24,3.98,3.73,4.02,3.73,193045,74691818.41,7.38,-5.09,-0.2,5.6
2023-05-25,3.65,3.54,3.65,3.54,155664,55569192.21,2.95,-5.09,-0.19,4.51
2023-05-26,3.53,3.4,3.57,3.38,97400,33452402.18,5.37,-3.95,-0.14,2.82
2023-05-29,3.45,3.36,3.5,3.33,66182,22593980.73,5.0,-1.18,-0.04,1.92
2023-05-30,3.3,3.19,3.37,3.19,101973,32839132.08,5.36,-5.06,-0.17,2.96
2023-05-31,3.2,3.35,3.35,3.2,73115,24287315.45,4.7,5.02,0.16,2.12
2023-06-01,3.33,3.2,3.35,3.18,94415,30428575.57,5.07,-4.48,-0.15,2.74
2023-06-02,3.21,3.32,3.36,3.21,91137,30214583.56,4.69,3.75,0.12,2.64
2023-06-05,3.31,3.43,3.47,3.29,82807,28161046.65,5.42,3.31,0.11,2.4
2023-06-06,3.38,3.36,3.41,3.31,71645,24055607.43,2.92,-2.04,-0.07,2.08
2023-06-07,3.35,3.46,3.53,3.32,96050,33120505.12,6.25,2.98,0.1,2.78
2023-06-08,3.48,3.44,3.5,3.38,58609,20132886.91,3.47,-0.58,-0.02,1.7
2023-06-09,3.42,3.43,3.52,3.41,51411,17824513.5,3.2,-0.29,-0.01,1.49
2023-06-12,3.4,3.29,3.43,3.26,69493,22948749.68,4.96,-4.08,-0.14,2.01
2023-06-13,3.29,3.32,3.37,3.28,45148,15050195.71,2.74,0.91,0.03,1.31
2023-06-14,3.32,3.41,3.44,3.29,50066,16956021.26,4.52,2.71,0.09,1.45
2023-06-15,3.41,3.38,3.42,3.35,46243,15620332.79,2.05,-0.88,-0.03,1.34
2023-07-03,3.55,3.55,3.55,3.55,4457,1582377.0,0.0,5.03,0.17,0.13
2023-07-04,3.73,3.73,3.73,3.73,897,334636.95,0.0,5.07,0.18,0.03
2023-07-05,3.92,3.92,3.92,3.92,729,285771.92,0.0,5.09,0.19,0.02
2023-07-06,4.12,4.12,4.12,4.12,1131,466112.08,0.0,5.1,0.2,0.03
2023-07-07,4.33,4.33,4.33,4.33,2285,989253.45,0.0,5.1,0.21,0.07
2023-07-10,4.55,4.55,4.55,4.55,1280,582427.3,0.0,5.08,0.22,0.04
2023-07-11,4.78,4.78,4.78,4.78,2198,1050644.0,0.0,5.05,0.23,0.06
2023-07-12,5.02,5.02,5.02,4.96,218788,109797259.32,1.26,5.02,0.24,6.34
2023-07-13,5.01,4.87,5.09,4.79,346915,171981532.43,5.98,-2.99,-0.15,10.06
2023-07-14,4.98,4.91,5.11,4.9,352893,178338433.05,4.31,0.82,0.04,10.23
2023-07-17,4.66,4.66,4.69,4.66,155232,72341590.74,0.61,-5.09,-0.25,4.5
2023-07-18,4.59,4.62,4.73,4.53,142905,66048982.8,4.29,-0.86,-0.04,4.14
2023-07-19,4.61,4.44,4.7,4.42,137301,62249040.93,6.06,-3.9,-0.18,3.98
2023-07-20,4.42,4.49,4.58,4.42,91671,41243595.58,3.6,1.13,0.05,2.66
2023-07-21,4.49,4.54,4.58,4.42,63766,28725757.77,3.56,1.11,0.05,1.85
2023-07-24,4.49,4.36,4.55,4.35,64681,28692283.07,4.41,-3.96,-0.18,1.87
2023-07-25,4.43,4.51,4.55,4.41,80454,36172969.56,3.21,3.44,0.15,2.33
2023-07-26,4.48,4.44,4.49,4.41,56944,25317569.19,1.77,-1.55,-0.07,1.65
2023-07-27,4.44,4.65,4.66,4.42,152715,70541796.05,5.41,4.73,0.21,4.43
2023-07-28,4.57,4.68,4.75,4.52,122096,56603950.44,4.95,0.65,0.03,3.54
2023-07-31,4.7,4.69,4.83,4.65,103720,49179097.92,3.85,0.21,0.01,3.01
2023-08-01,4.62,4.58,4.68,4.52,63470,29316003.0,3.41,-2.35,-0.11,1.84
2023-08-02,4.57,4.58,4.65,4.55,41578,19078984.51,2.18,0.0,0.0,1.21
2023-08-03,4.54,4.81,4.81,4.5,160691,75844841.59,6.77,5.02,0.23,4.66
2023-08-04,4.82,4.72,4.91,4.72,123227,58999760.07,3.95,-1.87,-0.09,3.57
2023-08-07,4.68,4.49,4.68,4.48,102400,46317945.8,4.24,-4.87,-0.23,2.97
2023-08-08,4.48,4.5,4.57,4.45,54409,24607099.52,2.67,0.22,0.01,1.58
2023-08-09,4.49,4.41,4.53,4.39,61936,27522148.44,3.11,-2.0,-0.09,1.8
2023-08-10,4.38,4.45,4.48,4.37,47265,20885901.74,2.49,0.91,0.04,1.37
2023-08-11,4.42,4.46,4.49,4.37,57897,25668228.91,2.7,0.22,0.01,1.68
2023-08-14,4.41,4.43,4.48,4.37,41035,18086914.43,2.47,-0.67,-0.03,1.19
2023-08-15,4.45,4.51,4.64,4.44,80998,36762349.82,4.51,1.81,0.08,2.35
2023-08-16,4.45,4.31,4.45,4.28,69316,30172210.34,3.77,-4.43,-0.2,2.01
2023-08-17,4.28,4.37,4.39,4.28,31657,13744567.0,2.55,1.39,0.06,0.92
2023-08-18,4.37,4.41,4.5,4.36,59419,26356966.0,3.2,0.92,0.04,1.72
2023-08-21,4.39,4.28,4.41,4.27,47215,20463865.0,3.17,-2.95,-0.13,1.37
2023-08-22,4.34,4.15,4.34,4.07,54806,22786653.62,6.31,-3.04,-0.13,1.59
2023-08-23,4.15,4.0,4.16,4.0,38633,15697710.94,3.86,-3.61,-0.15,1.12
2023-08-24,4.02,4.06,4.12,4.01,45769,18604168.08,2.75,1.5,0.06,1.33
2023-08-25,4.02,3.95,4.08,3.95,46410,18578048.68,3.2,-2.71,-0.11,1.35
2023-08-28,4.15,3.95,4.15,3.95,57250,23269745.2,5.06,0.0,0.0,1.66
2023-08-29,3.91,4.15,4.15,3.9,87395,35855575.32,6.33,5.06,0.2,2.53
2023-08-30,4.13,4.19,4.28,4.1,64567,27003919.66,4.34,0.96,0.04,1.87
2023-08-31,4.18,4.16,4.23,4.15,28771,12029093.38,1.91,-0.72,-0.03,0.83
2023-09-01,4.16,4.29,4.29,4.12,60350,25415048.5,4.09,3.13,0.13,1.75
2023-09-04,4.26,4.26,4.32,4.23,40031,17080418.09,2.1,-0.7,-0.03,1.16
2023-09-05,4.23,4.11,4.26,4.11,58452,24287805.4,3.52,-3.52,-0.15,1.69
2023-09-06,4.1,4.1,4.16,4.06,40684,16691321.0,2.43,-0.24,-0.01,1.18
2023-09-07,4.1,4.02,4.12,4.0,39501,15988047.02,2.93,-1.95,-0.08,1.14
2023-09-08,4.02,4.03,4.05,3.96,28242,11312942.1,2.24,0.25,0.01,0.82
2023-09-11,4.02,4.05,4.07,3.98,27821,11191642.5,2.23,0.5,0.02,0.81
2023-09-12,4.03,4.05,4.09,4.01,21736,8793928.5,1.98,0.0,0.0,0.63
2023-09-13,4.04,4.07,4.14,4.0,52779,21508338.85,3.46,0.49,0.02,1.53
2023-09-14,4.04,4.03,4.07,4.01,41885,16886059.76,1.47,-0.98,-0.04,1.21
2023-09-15,4.23,4.23,4.23,4.23,5269,2228609.34,0.0,4.96,0.2,0.15
2023-09-18,4.44,4.44,4.44,4.44,1703,756132.0,0.0,4.96,0.21,0.05
2023-09-19,4.66,4.66,4.66,4.66,2367,1103022.0,0.0,4.95,0.22,0.07
2023-09-20,4.89,4.89,4.89,4.89,11844,5791789.35,0.0,4.94,0.23,0.34
2023-09-21,5.13,5.13,5.13,5.1,193721,99375048.36,0.61,4.91,0.24,5.62
2023-09-22,5.39,5.39,5.39,5.18,295032,158596690.71,4.09,5.07,0.26,8.55
2023-09-25,5.23,5.12,5.32,5.12,107110,55428583.39,3.71,-5.01,-0.27,3.1
2023-09-26,4.86,4.87,5.04,4.86,247640,121178081.57,3.52,-4.88,-0.25,7.18
2023-09-27,4.95,5.11,5.11,4.92,173632,87825959.81,3.9,4.93,0.24,5.03
2023-09-28,5.1,5.0,5.1,4.85,177149,87427743.89,4.89,-2.15,-0.11,5.13
2023-10-09,4.88,5.25,5.25,4.88,199983,101792781.31,7.4,5.0,0.25,5.8
2023-10-10,5.28,4.99,5.3,4.99,154700,78509110.32,5.9,-4.95,-0.26,4.48
2023-10-11,4.85,5.24,5.24,4.85,154167,78781662.3,7.82,5.01,0.25,4.47
2023-10-12,5.18,5.19,5.46,5.04,167457,87129926.61,8.02,-0.95,-0.05,4.85
2023-10-13,5.24,5.21,5.39,5.12,130557,68504963.77,5.2,0.39,0.02,3.78
2023-10-16,5.03,5.01,5.17,4.99,109726,55465833.92,3.45,-3.84,-0.2,3.18
2023-10-17,5.09,4.87,5.15,4.78,114541,56831660.16,7.39,-2.79,-0.14,3.32
2023-10-18,4.85,4.63,4.87,4.63,97657,45830326.27,4.93,-4.93,-0.24,2.83
2023-10-19,4.57,4.63,4.72,4.56,48677,22612323.7,3.46,0.0,0.0,1.41
2023-10-20,4.61,4.64,4.68,4.52,37560,17330862.0,3.46,0.22,0.01,1.09
2023-10-23,4.63,4.43,4.63,4.41,46509,20974311.83,4.74,-4.53,-0.21,1.35
2023-10-24,4.48,4.65,4.65,4.42,35517,16345532.5,5.19,4.97,0.22,1.03
2023-10-25,4.65,4.72,4.78,4.63,46512,21964206.32,3.23,1.51,0.07,1.35
2023-10-26,4.66,4.82,4.92,4.63,50393,24174387.98,6.14,2.12,0.1,1.46
2023-10-27,4.79,4.78,4.86,4.69,45653,21788419.58,3.53,-0.83,-0.04,1.32
2023-10-30,4.78,4.96,5.02,4.78,66316,32599077.87,5.02,3.77,0.18,1.92
2023-10-31,4.98,4.85,4.98,4.83,46136,22522842.8,3.02,-2.22,-0.11,1.34
2023-11-01,4.85,4.88,4.95,4.84,29575,14481840.0,2.27,0.62,0.03,0.86
2023-11-02,4.88,4.99,5.06,4.82,51343,25577327.64,4.92,2.25,0.11,1.49
2023-11-03,4.96,5.05,5.11,4.95,44456,22479780.0,3.21,1.2,0.06,1.29
2023-11-06,5.09,5.26,5.3,5.06,98916,51820695.25,4.75,4.16,0.21,2.87
2023-11-07,5.2,5.18,5.38,5.18,74876,39386745.78,3.8,-1.52,-0.08,2.17
2023-11-08,5.17,5.16,5.23,5.12,44710,23068842.71,2.12,-0.39,-0.02,1.3
2023-11-09,5.12,5.17,5.2,5.04,50653,25953688.38,3.1,0.19,0.01,1.47
2023-11-10,5.14,5.08,5.31,5.06,52549,27189565.28,4.84,-1.74,-0.09,1.52
2023-11-13,5.08,4.98,5.08,4.96,42048,21006847.0,2.36,-1.97,-0.1,1.22
2023-11-14,4.96,5.0,5.1,4.96,33664,16915118.08,2.81,0.4,0.02,0.98
2023-11-15,5.01,5.05,5.12,5.0,33898,17139370.0,2.4,1.0,0.05,0.98
2023-11-16,5.03,4.97,5.05,4.95,30829,15382012.77,1.98,-1.58,-0.08,0.89
2023-11-17,4.95,5.02,5.04,4.95,31751,15891003.0,1.81,1.01,0.05,0.92
2023-11-20,4.99,4.85,5.01,4.77,56048,27257704.15,4.78,-3.39,-0.17,1.62
2023-11-21,4.86,4.82,4.89,4.82,24730,12000972.19,1.44,-0.62,-0.03,0.72
2023-11-22,4.83,4.84,4.87,4.76,22459,10811164.0,2.28,0.41,0.02,0.65
2023-11-23,4.83,4.89,4.94,4.81,24826,12091958.88,2.69,1.03,0.05,0.72
2023-11-24,4.94,4.87,4.95,4.85,26406,12916246.82,2.04,-0.41,-0.02,0.77
2023-11-27,4.88,4.77,4.89,4.69,33302,15871504.0,4.11,-2.05,-0.1,0.97
2023-11-28,4.8,4.85,4.89,4.76,23490,11369507.0,2.73,1.68,0.08,0.68
2023-11-29,4.85,4.79,4.86,4.76,24001,11533279.23,2.06,-1.24,-0.06,0.7
2023-11-30,4.81,4.94,5.03,4.79,64495,31849302.87,5.01,3.13,0.15,1.87
2023-12-01,4.93,4.88,4.93,4.83,31494,15316262.49,2.02,-1.21,-0.06,0.91
2023-12-04,4.84,4.8,4.86,4.75,25398,12198312.37,2.25,-1.64,-0.08,0.74
2023-12-05,4.77,4.64,4.82,4.64,29942,14166984.0,3.75,-3.33,-0.16,0.87
2023-12-06,4.66,4.7,4.75,4.65,16634,7827036.0,2.16,1.29,0.06,0.48
2023-12-07,4.66,4.68,4.73,4.65,18369,8614782.0,1.7,-0.43,-0.02,0.53
2023-12-08,4.69,4.57,4.72,4.51,35408,16302461.0,4.49,-2.35,-0.11,1.03
2023-12-11,4.53,4.51,4.58,4.47,40298,18192044.74,2.41,-1.31,-0.06,1.17
2023-12-12,4.52,4.55,4.56,4.44,26877,12066913.0,2.66,0.89,0.04,0.78
2023-12-13,4.53,4.44,4.54,4.43,24266,10846288.0,2.42,-2.42,-0.11,0.7
2023-12-14,4.46,4.43,4.51,4.43,22442,10000435.0,1.8,-0.23,-0.01,0.65
2023-12-15,4.43,4.52,4.6,4.37,40743,18146199.8,5.19,2.03,0.09,1.18
2023-12-18,4.47,4.38,4.47,4.38,23947,10626451.86,1.99,-3.1,-0.14,0.69
2023-12-19,4.38,4.36,4.41,4.33,21425,9360492.0,1.83,-0.46,-0.02,0.62
2023-12-20,4.36,4.34,4.4,4.3,14474,6312200.19,2.29,-0.46,-0.02,0.42
2023-12-21,4.17,4.12,4.3,4.12,40716,16859425.0,4.15,-5.07,-0.22,1.18
2023-12-22,3.91,3.91,4.03,3.91,71012,27965734.0,2.91,-5.1,-0.21,2.06
2023-12-25,3.99,4.11,4.11,3.92,57459,23285642.58,4.86,5.12,0.2,1.67
2023-12-26,4.05,4.19,4.27,4.05,52353,21971991.14,5.35,1.95,0.08,1.52
2023-12-27,4.19,4.11,4.21,4.08,52323,21730359.18,3.1,-1.91,-0.08,1.52
2023-12-28,4.09,4.19,4.22,4.01,32346,13388383.38,5.11,1.95,0.08,0.94
2023-12-29,4.24,4.28,4.35,4.17,31930,13609581.85,4.3,2.15,0.09,0.93
2024-01-02,4.29,4.29,4.42,4.27,28349,12306702.18,3.5,0.23,0.01,0.82
2024-01-03,4.28,4.24,4.3,4.21,17896,7609267.0,2.1,-1.17,-0.05,0.52
2024-01-04,4.22,4.24,4.3,4.22,17251,7339391.0,1.89,0.0,0.0,0.5
2024-01-05,4.23,4.14,4.26,4.12,25078,10507277.5,3.3,-2.36,-0.1,0.73
2024-01-08,4.15,4.06,4.18,4.05,18950,7782897.0,3.14,-1.93,-0.08,0.55
2024-01-09,4.09,4.1,4.13,4.04,15525,6335516.0,2.22,0.99,0.04,0.45
2024-01-10,4.18,4.04,4.18,4.03,19306,7847771.0,3.66,-1.46,-0.06,0.56
2024-01-11,4.04,4.08,4.1,4.01,16031,6499655.1,2.23,0.99,0.04,0.46
2024-01-12,4.07,4.03,4.09,4.03,17601,7127506.41,1.47,-1.23,-0.05,0.51
2024-01-15,4.01,3.97,4.14,3.96,52599,21162231.85,4.47,-1.49,-0.06,1.52
2024-01-16,3.97,3.77,3.98,3.77,66277,25339586.49,5.29,-5.04,-0.2,1.92
2024-01-17,3.58,3.58,3.58,3.58,3583,1282714.0,0.0,-5.04,-0.19,0.1
2024-01-18,3.4,3.4,3.4,3.4,4692,1595280.0,0.0,-5.03,-0.18,0.14
2024-01-19,3.23,3.23,3.32,3.23,124704,40337984.5,2.65,-5.0,-0.17,3.61
2024-01-22,3.07,3.07,3.13,3.07,24326,7474349.0,1.86,-4.95,-0.16,0.71
2024-01-23,2.92,2.92,2.92,2.92,24322,7102024.0,0.0,-4.89,-0.15,0.7
2024-01-24,2.87,2.97,3.05,2.86,123258,36184376.88,6.51,1.71,0.05,3.57
2024-01-25,2.92,3.12,3.12,2.92,96507,29676564.9,6.73,5.05,0.15,2.8
2024-01-26,3.06,3.14,3.22,3.05,95558,29916773.25,5.45,0.64,0.02,2.77
2024-01-29,3.15,2.98,3.23,2.98,86162,26634543.86,7.96,-5.1,-0.16,2.5
2024-01-30,2.88,2.87,3.0,2.83,62603,18109819.79,5.7,-3.69,-0.11,1.81
2024-01-31,3.01,3.01,3.01,3.01,16015,4820539.08,0.0,4.88,0.14,0.46
2024-02-01,3.16,3.16,3.16,3.12,102394,32337146.66,1.33,4.98,0.15,2.97
2024-02-02,3.15,3.0,3.15,3.0,124435,38206983.0,4.75,-5.06,-0.16,3.61
2024-02-05,2.86,2.85,2.92,2.85,29219,8339979.0,2.33,-5.0,-0.15,0.85
2024-02-06,2.71,2.71,2.83,2.71,58268,15874607.55,4.21,-4.91,-0.14,1.69
2024-02-07,2.72,2.57,2.76,2.57,66774,17557012.5,7.01,-5.17,-0.14,1.94
2024-02-08,2.49,2.68,2.69,2.44,86007,21687374.06,9.73,4.28,0.11,2.49
2024-02-19,2.64,2.77,2.8,2.64,51738,14130373.99,5.97,3.36,0.09,1.5
2024-02-20,2.75,2.91,2.91,2.69,64885,18436671.58,7.94,5.05,0.14,1.88
2024-02-21,2.92,2.89,3.02,2.87,82840,24395700.66,5.15,-0.69,-0.02,2.4
2024-02-22,2.87,2.93,2.96,2.82,75893,21898776.57,4.84,1.38,0.04,2.2
2024-02-23,2.93,3.0,3.03,2.85,79315,23303959.38,6.14,2.39,0.07,2.3
2024-02-26,2.99,3.09,3.15,2.97,101816,31291206.83,6.0,3.0,0.09,2.95
2024-02-27,3.07,3.13,3.13,3.05,64000,19828527.78,2.59,1.29,0.04,1.86
2024-02-28,3.15,2.99,3.27,2.98,103251,32394185.03,9.27,-4.47,-0.14,2.99
2024-02-29,2.95,3.11,3.11,2.94,66746,20332961.93,5.69,4.01,0.12,1.93
2024-03-01,3.1,3.15,3.17,3.05,54198,16856533.4,3.86,1.29,0.04,1.57
2024-03-04,3.14,3.08,3.18,3.07,52828,16420267.0,3.49,-2.22,-0.07,1.53
2024-03-05,3.05,3.03,3.08,3.01,44116,13438789.0,2.27,-1.62,-0.05,1.28
2024-03-06,3.07,3.18,3.18,3.04,37890,11898219.0,4.62,4.95,0.15,1.1
2024-03-07,3.26,3.15,3.27,3.13,94084,30168884.63,4.4,-0.94,-0.03,2.73
2024-03-08,3.12,3.08,3.14,3.0,72360,22227705.55,4.44,-2.22,-0.07,2.1
2024-03-11,3.11,3.15,3.16,3.06,39799,12375282.28,3.25,2.27,0.07,1.15
2024-03-12,3.12,3.16,3.21,3.1,49028,15424581.94,3.49,0.32,0.01,1.42
2024-03-13,3.16,3.11,3.17,3.08,49801,15559777.0,2.85,-1.58,-0.05,1.44
2024-03-14,3.11,3.11,3.13,3.06,33861,10490171.85,2.25,0.0,0.0,0.98
2024-03-15,3.09,3.18,3.21,3.08,49329,15566426.49,4.18,2.25,0.07,1.43
2024-03-18,3.17,3.17,3.18,3.13,43611,13729885.75,1.57,-0.31,-0.01,1.26
2024-03-19,3.16,3.17,3.24,3.15,42733,13627066.6,2.84,0.0,0.0,1.24
2024-03-20,3.15,3.19,3.2,3.15,24647,7837403.9,1.58,0.63,0.02,0.71
2024-03-21,3.2,3.1,3.21,3.09,54077,16947628.1,3.76,-2.82,-0.09,1.57
2024-03-22,3.1,3.13,3.15,3.06,42536,13174451.04,2.9,0.97,0.03,1.23
2024-03-25,3.12,3.05,3.14,3.05,36692,11332344.0,2.88,-2.56,-0.08,1.06
2024-03-26,3.04,3.05,3.08,2.99,26960,8184415.03,2.95,0.0,0.0,0.78
2024-03-27,3.03,2.9,3.07,2.9,23041,6890412.0,5.57,-4.92,-0.15,0.67
2024-03-28,2.88,2.85,2.92,2.85,38607,11137133.36,2.41,-1.72,-0.05,1.12
2024-03-29,2.84,2.71,2.85,2.71,29622,8120904.0,4.91,-4.91,-0.14,0.86
2024-04-01,2.57,2.57,2.68,2.57,99613,25793518.26,4.06,-5.17,-0.14,2.89
2024-04-02,2.57,2.61,2.67,2.57,78729,20587746.0,3.89,1.56,0.04,2.28
2024-04-03,2.6,2.66,2.69,2.49,78628,20471210.14,7.66,1.92,0.05,2.28
2024-04-08,2.64,2.55,2.64,2.54,50416,12968552.24,3.76,-4.14,-0.11,1.46
2024-04-09,2.51,2.45,2.56,2.42,60457,14851569.52,5.49,-3.92,-0.1,1.75
2024-04-10,2.45,2.39,2.45,2.33,58405,13864162.7,4.9,-2.45,-0.06,1.69
2024-04-11,2.32,2.4,2.45,2.31,31051,7470388.0,5.86,0.42,0.01,0.9
2024-04-12,2.41,2.35,2.41,2.33,32217,7619605.98,3.33,-2.08,-0.05,0.93
2024-04-15,2.23,2.23,2.23,2.23,4710,1050330.0,0.0,-5.11,-0.12,0.14
2024-04-16,2.12,2.12,2.12,2.12,1120,237440.0,0.0,-4.93,-0.11,0.03
2024-04-17,2.01,2.01,2.01,2.01,3235,650235.0,0.0,-5.19,-0.11,0.09
2024-04-18,1.91,1.91,1.91,1.91,14228,2717548.0,0.0,-4.98,-0.1,0.41
2024-04-19,1.81,1.81,1.81,1.81,16044,2903964.0,0.0,-5.24,-0.1,0.47
2024-04-22,1.72,1.72,1.72,1.72,7366,1266952.0,0.0,-4.97,-0.09,0.21
2024-04-23,1.63,1.63,1.63,1.63,2338,381094.0,0.0,-5.23,-0.09,0.07
2024-04-24,1.55,1.55,1.55,1.55,4331,671305.0,0.0,-4.91,-0.08,0.13
2024-04-25,1.47,1.47,1.47,1.47,4800,705600.0,0.0,-5.16,-0.08,0.14
2024-04-26,1.4,1.42,1.47,1.4,257275,36344021.7,4.76,-3.4,-0.05,7.46
2024-04-29,1.41,1.49,1.49,1.36,133054,19351843.47,9.15,4.93,0.07,3.86
